"No.","Time","Source","Destination","Protocol","Length","Info"
"1","0.000000","2606:4700:20::681a:af0","2600:380:8e45:68b:2105:88be:b995:2d76","TCP","86","443  >  65485 [ACK] Seq=1 Ack=1 Win=171 Len=0 TSval=1515202463 TSecr=4035795909"
"2","0.000591","96.17.64.208","172.20.10.7","TLSv1.2","105","Application Data"
"3","0.000592","96.17.64.208","172.20.10.7","TLSv1.2","90","Application Data"
"4","0.000701","172.20.10.7","96.17.64.208","TCP","66","63516  >  443 [ACK] Seq=1 Ack=40 Win=2047 Len=0 TSval=733749684 TSecr=2019164618"
"5","0.000806","172.20.10.7","96.17.64.208","TCP","66","63516  >  443 [ACK] Seq=1 Ack=65 Win=2047 Len=0 TSval=733749684 TSecr=2019164619"
"6","0.014311","fe80::c09a:d0ff:febb:3364","fe80::14b8:bc02:b3fd:2220","DNS","208","Standard query response 0x5fcf A token.safebrowsing.apple CNAME safebrowsing.g.aaplimg.com A 17.253.21.207 A 17.253.15.208 A 17.253.21.208 A 17.253.15.207"
"7","0.015730","2606:4700:20::681a:af0","2600:380:8e45:68b:2105:88be:b995:2d76","TLSv1.3","1444","Server Hello, Change Cipher Spec"
"8","0.015731","2606:4700:20::681a:af0","2600:380:8e45:68b:2105:88be:b995:2d76","TCP","1444","443  >  65485 [ACK] Seq=1359 Ack=518 Win=171 Len=1358 TSval=1515202484 TSecr=4035795909 [TCP segment of a reassembled PDU]"
"9","0.015732","2606:4700:20::681a:af0","2600:380:8e45:68b:2105:88be:b995:2d76","TLSv1.3","282","Application Data"
"10","0.016137","fe80::c09a:d0ff:febb:3364","fe80::14b8:bc02:b3fd:2220","DNS","256","Standard query response 0x424c AAAA token.safebrowsing.apple CNAME safebrowsing.g.aaplimg.com AAAA 2620:149:a12:f000::7 AAAA 2620:149:a10:f100::8 AAAA 2620:149:a10:f000::7 AAAA 2620:149:a12:f100::8"
"11","0.016182","2600:380:8e45:68b:2105:88be:b995:2d76","2606:4700:20::681a:af0","TCP","86","65485  >  443 [ACK] Seq=518 Ack=2913 Win=2012 Len=0 TSval=4035795988 TSecr=1515202484"
"12","0.020599","2600:380:8e45:68b:2105:88be:b995:2d76","2606:4700:20::681a:af0","TLSv1.3","150","Change Cipher Spec, Application Data"
"13","0.021084","2600:380:8e45:68b:2105:88be:b995:2d76","2606:4700:20::681a:af0","TLSv1.3","132","Application Data"
"14","0.021104","2600:380:8e45:68b:2105:88be:b995:2d76","2606:4700:20::681a:af0","TLSv1.3","129","Application Data"
"15","0.021178","2600:380:8e45:68b:2105:88be:b995:2d76","2606:4700:20::681a:af0","TLSv1.3","121","Application Data"
"16","0.021193","2600:380:8e45:68b:2105:88be:b995:2d76","2606:4700:20::681a:af0","TLSv1.3","316","Application Data"
"17","0.070258","fe80::c09a:d0ff:febb:3364","fe80::14b8:bc02:b3fd:2220","DNS","204","Standard query response 0xaf3e HTTPS token.safebrowsing.apple CNAME safebrowsing.g.aaplimg.com SOA a.gslb.aaplimg.com"
"18","0.071529","fe80::14b8:bc02:b3fd:2220","fe80::c09a:d0ff:febb:3364","DNS","106","Standard query 0xd234 HTTPS safebrowsing.g.aaplimg.com"
"19","0.074168","2600:380:8e45:68b:2105:88be:b995:2d76","2620:149:a10:f100::8","TCP","98","65486  >  443 [SYN, ECN, CWR] Seq=0 Win=0 Len=0 MSS=1370 WS=64 TSval=965050313 TSecr=0 SACK_PERM=1"
"20","0.074314","2606:4700:20::681a:af0","2600:380:8e45:68b:2105:88be:b995:2d76","TCP","86","443  >  65485 [ACK] Seq=2913 Ack=628 Win=171 Len=0 TSval=1515202544 TSecr=4035795992"
"21","0.074314","2606:4700:20::681a:af0","2600:380:8e45:68b:2105:88be:b995:2d76","TCP","86","443  >  65485 [ACK] Seq=2913 Ack=706 Win=171 Len=0 TSval=1515202546 TSecr=4035795992"
"22","0.074315","2606:4700:20::681a:af0","2600:380:8e45:68b:2105:88be:b995:2d76","TLSv1.3","614","Application Data, Application Data"
"23","0.074486","2600:380:8e45:68b:2105:88be:b995:2d76","2606:4700:20::681a:af0","TCP","86","65485  >  443 [ACK] Seq=936 Ack=3441 Win=2039 Len=0 TSval=4035796046 TSecr=1515202547"
"24","0.074534","2600:380:8e45:68b:2105:88be:b995:2d76","2606:4700:20::681a:af0","TLSv1.3","117","Application Data"
"25","0.077244","fe80::c09a:d0ff:febb:3364","fe80::14b8:bc02:b3fd:2220","DNS","166","Standard query response 0xd234 HTTPS safebrowsing.g.aaplimg.com SOA a.gslb.aaplimg.com"
"26","0.103916","2606:4700:20::681a:af0","2600:380:8e45:68b:2105:88be:b995:2d76","TLSv1.3","1444","Application Data"
"27","0.104003","2600:380:8e45:68b:2105:88be:b995:2d76","2606:4700:20::681a:af0","TCP","86","65485  >  443 [ACK] Seq=967 Ack=4799 Win=2026 Len=0 TSval=4035796076 TSecr=1515202574"
"28","0.116836","2620:149:a10:f100::8","2600:380:8e45:68b:2105:88be:b995:2d76","TCP","94","443  >  65486 [SYN, ACK, ECN] Seq=0 Ack=1 Win=65535 Len=0 MSS=1370 WS=512 SACK_PERM=1 TSval=821057698 TSecr=965050313"
"29","0.118170","2600:380:8e45:68b:2105:88be:b995:2d76","2620:149:a10:f100::8","TCP","86","65486  >  443 [ACK] Seq=1 Ack=1 Win=2752 Len=0 TSval=965050357 TSecr=821057698"
"30","0.118175","2600:380:8e45:68b:2105:88be:b995:2d76","2620:149:a10:f100::8","TLSv1.3","603","Client Hello"
"31","0.150024","2606:4700:20::681a:af0","2600:380:8e45:68b:2105:88be:b995:2d76","TLSv1.3","1379","Application Data, Application Data, Application Data"
"32","0.150166","2600:380:8e45:68b:2105:88be:b995:2d76","2606:4700:20::681a:af0","TCP","86","65485  >  443 [ACK] Seq=967 Ack=6092 Win=2027 Len=0 TSval=4035796122 TSecr=1515202625"
"33","0.165630","2600:380:8e45:68b:2105:88be:b995:2d76","2606:4700:20::681a:af0","TLSv1.3","209","Application Data"
"34","0.166934","2620:149:a10:f100::8","2600:380:8e45:68b:2105:88be:b995:2d76","TCP","86","[TCP Window Update] 443  >  65486 [ACK] Seq=1 Ack=1 Win=87552 Len=0 TSval=821057740 TSecr=965050357"
"35","0.175840","2620:149:a10:f100::8","2600:380:8e45:68b:2105:88be:b995:2d76","TLSv1.3","1294","Server Hello, Change Cipher Spec, Application Data"
"36","0.176615","2600:380:8e45:68b:2105:88be:b995:2d76","2620:149:a10:f100::8","TCP","86","65486  >  443 [ACK] Seq=518 Ack=1209 Win=2752 Len=0 TSval=965050415 TSecr=821057756"
"37","0.180696","2620:149:a10:f100::8","2600:380:8e45:68b:2105:88be:b995:2d76","TCP","1444","443  >  65486 [ACK] Seq=1209 Ack=518 Win=87552 Len=1358 TSval=821057756 TSecr=965050358 [TCP segment of a reassembled PDU]"
"38","0.180802","2600:380:8e45:68b:2105:88be:b995:2d76","2620:149:a10:f100::8","TCP","86","65486  >  443 [ACK] Seq=518 Ack=2567 Win=2752 Len=0 TSval=965050420 TSecr=821057756"
"39","0.214805","2620:149:a10:f100::8","2600:380:8e45:68b:2105:88be:b995:2d76","TLSv1.3","1444","Application Data [TCP segment of a reassembled PDU]"
"40","0.215128","2600:380:8e45:68b:2105:88be:b995:2d76","2620:149:a10:f100::8","TCP","86","65486  >  443 [ACK] Seq=518 Ack=3925 Win=4096 Len=0 TSval=965050455 TSecr=821057793"
"41","0.224121","2606:4700:20::681a:af0","2600:380:8e45:68b:2105:88be:b995:2d76","TCP","1444","443  >  65485 [ACK] Seq=6092 Ack=1090 Win=171 Len=1358 TSval=1515202699 TSecr=4035796137 [TCP segment of a reassembled PDU]"
"42","0.224122","2606:4700:20::681a:af0","2600:380:8e45:68b:2105:88be:b995:2d76","TLSv1.3","161","Application Data, Application Data"
"43","0.224252","2600:380:8e45:68b:2105:88be:b995:2d76","2606:4700:20::681a:af0","TCP","86","65485  >  443 [ACK] Seq=1090 Ack=7525 Win=2025 Len=0 TSval=4035796196 TSecr=1515202699"
"44","0.250920","2620:149:a10:f100::8","2600:380:8e45:68b:2105:88be:b995:2d76","TLSv1.3","158","Application Data, Application Data"
"45","0.251850","2600:380:8e45:68b:2105:88be:b995:2d76","2620:149:a10:f100::8","TCP","86","65486  >  443 [ACK] Seq=518 Ack=3997 Win=4096 Len=0 TSval=965050491 TSecr=821057832"
"46","0.257713","2600:380:8e45:68b:2105:88be:b995:2d76","2620:149:a10:f100::8","TLSv1.3","150","Change Cipher Spec, Application Data"
"47","0.258463","2600:380:8e45:68b:2105:88be:b995:2d76","2620:149:a10:f100::8","TLSv1.3","356","Application Data"
"48","0.266752","2606:4700:20::681a:af0","2600:380:8e45:68b:2105:88be:b995:2d76","TLSv1.3","117","Application Data"
"49","0.266850","2600:380:8e45:68b:2105:88be:b995:2d76","2606:4700:20::681a:af0","TCP","86","65485  >  443 [ACK] Seq=1090 Ack=7556 Win=2047 Len=0 TSval=4035796238 TSecr=1515202742"
"50","0.313833","2620:149:a10:f100::8","2600:380:8e45:68b:2105:88be:b995:2d76","TCP","86","443  >  65486 [ACK] Seq=3997 Ack=852 Win=87040 Len=0 TSval=821057893 TSecr=965050497"
"51","0.319177","2620:149:a10:f100::8","2600:380:8e45:68b:2105:88be:b995:2d76","TLSv1.3","389","Application Data"
"52","0.319513","2600:380:8e45:68b:2105:88be:b995:2d76","2620:149:a10:f100::8","TCP","86","65486  >  443 [ACK] Seq=852 Ack=4300 Win=4096 Len=0 TSval=965050559 TSecr=821057896"
"53","0.366921","2620:149:a10:f100::8","2600:380:8e45:68b:2105:88be:b995:2d76","TLSv1.3","1021","Application Data, Application Data, Application Data"
"54","0.367263","2600:380:8e45:68b:2105:88be:b995:2d76","2620:149:a10:f100::8","TCP","86","65486  >  443 [ACK] Seq=852 Ack=5235 Win=4096 Len=0 TSval=965050607 TSecr=821057948"
"55","0.703230","172.20.10.7","96.17.64.208","TCP","66","63516  >  443 [FIN, ACK] Seq=1 Ack=65 Win=2048 Len=0 TSval=733750387 TSecr=2019164619"
"56","0.757045","96.17.64.208","172.20.10.7","TCP","66","443  >  63516 [ACK] Seq=65 Ack=2 Win=171 Len=0 TSval=2019165386 TSecr=733750387"
"57","1.510228","2600:380:8e45:68b:2105:88be:b995:2d76","2606:50c0:8003::154","TCP","74","61770  >  443 [ACK] Seq=1 Ack=1 Win=2048 Len=0"
"58","1.569711","2606:50c0:8003::154","2600:380:8e45:68b:2105:88be:b995:2d76","TCP","86","[TCP ACKed unseen segment] 443  >  61770 [ACK] Seq=1 Ack=2 Win=171 Len=0 TSval=1257210133 TSecr=1546376519"
"59","2.979518","172.20.10.7","54.90.223.72","TLSv1.2","120","Application Data"
"60","2.997597","172.20.10.7","54.90.223.72","TLSv1.2","122","Application Data"
"61","2.999471","172.20.10.7","54.90.223.72","TLSv1.2","122","Application Data"
"62","3.003693","172.20.10.7","54.90.223.72","TLSv1.2","122","Application Data"
"63","3.006183","172.20.10.7","54.90.223.72","TLSv1.2","122","Application Data"
"64","3.011468","172.20.10.7","54.90.223.72","TLSv1.2","122","Application Data"
"65","3.013211","172.20.10.7","54.90.223.72","TLSv1.2","122","Application Data"
"66","3.014991","172.20.10.7","54.90.223.72","TLSv1.2","122","Application Data"
"67","3.016432","172.20.10.7","54.90.223.72","TLSv1.2","122","Application Data"
"68","3.041027","54.90.223.72","172.20.10.7","TLSv1.2","122","Application Data"
"69","3.041280","172.20.10.7","54.90.223.72","TCP","66","58265  >  443 [ACK] Seq=111 Ack=57 Win=2047 Len=0 TSval=249577107 TSecr=490402092"
"70","3.086439","54.90.223.72","172.20.10.7","TCP","66","443  >  58265 [ACK] Seq=57 Ack=111 Win=171 Len=0 TSval=490402136 TSecr=249577065"
"71","3.086449","54.90.223.72","172.20.10.7","TCP","66","443  >  58267 [ACK] Seq=1 Ack=57 Win=171 Len=0 TSval=1392057498 TSecr=2022016869"
"72","3.086449","54.90.223.72","172.20.10.7","TCP","66","443  >  58333 [ACK] Seq=1 Ack=57 Win=171 Len=0 TSval=1364100244 TSecr=977746167"
"73","3.094936","54.90.223.72","172.20.10.7","TCP","66","443  >  58468 [ACK] Seq=1 Ack=57 Win=171 Len=0 TSval=1968018589 TSecr=3067467103"
"74","3.094936","54.90.223.72","172.20.10.7","TCP","66","443  >  58402 [ACK] Seq=1 Ack=57 Win=171 Len=0 TSval=2682273011 TSecr=4226463611"
"75","3.094937","54.90.223.72","172.20.10.7","TCP","66","443  >  58334 [ACK] Seq=1 Ack=57 Win=171 Len=0 TSval=228480613 TSecr=3731139262"
"76","3.094937","54.90.223.72","172.20.10.7","TCP","66","443  >  58401 [ACK] Seq=1 Ack=57 Win=171 Len=0 TSval=4239894391 TSecr=1922519767"
"77","3.101747","54.90.223.72","172.20.10.7","TCP","66","443  >  58336 [ACK] Seq=1 Ack=57 Win=171 Len=0 TSval=3565147927 TSecr=3313458254"
"78","3.362450","172.20.10.7","54.90.223.72","TLSv1.2","120","Application Data"
"79","3.439442","54.90.223.72","172.20.10.7","TLSv1.2","122","Application Data"
"80","3.439721","172.20.10.7","54.90.223.72","TCP","66","58267  >  443 [ACK] Seq=111 Ack=57 Win=2047 Len=0 TSval=2022017311 TSecr=1392057856"
"81","3.691760","172.20.10.7","54.90.223.72","TLSv1.2","120","Application Data"
"82","3.759537","54.90.223.72","172.20.10.7","TLSv1.2","122","Application Data"
"83","3.759817","172.20.10.7","54.90.223.72","TCP","66","58333  >  443 [ACK] Seq=111 Ack=57 Win=2047 Len=0 TSval=977746920 TSecr=1364100922"
"84","3.814043","54.90.223.72","172.20.10.7","TLSv1.2","1101","Application Data"
"85","3.814289","172.20.10.7","54.90.223.72","TCP","66","58334  >  443 [ACK] Seq=57 Ack=1036 Win=2031 Len=0 TSval=3731140060 TSecr=228481337"
"86","3.888455","fe80::14b8:bc02:b3fd:2220","fe80::c09a:d0ff:febb:3364","DNS","117","Standard query 0x2302 A asimov.vortex.data.trafficmanager.net"
"87","3.888711","fe80::14b8:bc02:b3fd:2220","fe80::c09a:d0ff:febb:3364","DNS","117","Standard query 0x42ad AAAA asimov.vortex.data.trafficmanager.net"
"88","3.951126","fe80::c09a:d0ff:febb:3364","fe80::14b8:bc02:b3fd:2220","DNS","178","Standard query response 0x42ad AAAA asimov.vortex.data.trafficmanager.net SOA tm1.dns-tm.com"
"89","3.951442","fe80::c09a:d0ff:febb:3364","fe80::14b8:bc02:b3fd:2220","DNS","133","Standard query response 0x2302 A asimov.vortex.data.trafficmanager.net A 65.55.44.109"
"90","3.955162","172.20.10.7","65.55.44.109","TCP","78","64424  >  443 [SYN] Seq=0 Win=65535 Len=0 MSS=1460 WS=64 TSval=4279073678 TSecr=0 SACK_PERM=1"
"91","3.989354","65.55.44.109","172.20.10.7","TCP","74","443  >  64424 [SYN, ACK] Seq=0 Ack=1 Win=65535 Len=0 MSS=1390 WS=512 SACK_PERM=1 TSval=2851488533 TSecr=4279073678"
"92","3.989659","172.20.10.7","65.55.44.109","TCP","66","64424  >  443 [ACK] Seq=1 Ack=1 Win=132288 Len=0 TSval=4279073713 TSecr=2851488533"
"93","3.991379","172.20.10.7","65.55.44.109","TLSv1.2","583","Client Hello"
"94","4.020940","172.20.10.7","54.90.223.72","TLSv1.2","120","Application Data"
"95","4.028887","65.55.44.109","172.20.10.7","TCP","66","[TCP Window Update] 443  >  64424 [ACK] Seq=1 Ack=1 Win=87552 Len=0 TSval=2851488573 TSecr=4279073713"
"96","4.066996","54.90.223.72","172.20.10.7","TLSv1.2","122","Application Data"
"97","4.067191","172.20.10.7","54.90.223.72","TCP","66","58334  >  443 [ACK] Seq=111 Ack=1092 Win=2047 Len=0 TSval=3731140313 TSecr=228481590"
"98","4.076134","65.55.44.109","172.20.10.7","TCP","1444","443  >  64424 [ACK] Seq=1 Ack=518 Win=87552 Len=1378 TSval=2851488615 TSecr=4279073715 [TCP segment of a reassembled PDU]"
"99","4.076135","65.55.44.109","172.20.10.7","TCP","1444","443  >  64424 [ACK] Seq=1379 Ack=518 Win=87552 Len=1378 TSval=2851488615 TSecr=4279073715 [TCP segment of a reassembled PDU]"
"100","4.076346","65.55.44.109","172.20.10.7","TCP","230","443  >  64424 [PSH, ACK] Seq=2757 Ack=518 Win=87552 Len=164 TSval=2851488615 TSecr=4279073715 [TCP segment of a reassembled PDU]"
"101","4.076379","172.20.10.7","65.55.44.109","TCP","66","64424  >  443 [ACK] Seq=518 Ack=2757 Win=129472 Len=0 TSval=4279073800 TSecr=2851488615"
"102","4.076507","172.20.10.7","65.55.44.109","TCP","66","64424  >  443 [ACK] Seq=518 Ack=2921 Win=129344 Len=0 TSval=4279073800 TSecr=2851488615"
"103","4.094812","54.86.246.198","172.20.10.7","TLSv1.2","111","Application Data"
"104","4.095007","172.20.10.7","54.86.246.198","TCP","66","62425  >  443 [ACK] Seq=1 Ack=46 Win=2047 Len=0 TSval=3798353863 TSecr=703269438"
"105","4.111093","65.55.44.109","172.20.10.7","TLSv1.2","1037","Server Hello, Certificate, Server Key Exchange, Server Hello Done"
"106","4.111302","172.20.10.7","65.55.44.109","TCP","66","64424  >  443 [ACK] Seq=518 Ack=3892 Win=130048 Len=0 TSval=4279073835 TSecr=2851488655"
"107","4.114118","172.20.10.7","65.55.44.109","TLSv1.2","159","Client Key Exchange, Change Cipher Spec, Encrypted Handshake Message"
"108","4.169055","65.55.44.109","172.20.10.7","TLSv1.2","117","Change Cipher Spec, Encrypted Handshake Message"
"109","4.169280","172.20.10.7","65.55.44.109","TCP","66","64424  >  443 [ACK] Seq=611 Ack=3943 Win=131008 Len=0 TSval=4279073893 TSecr=2851488714"
"110","4.172383","172.20.10.7","65.55.44.109","TCP","1444","64424  >  443 [ACK] Seq=611 Ack=3943 Win=131072 Len=1378 TSval=4279073896 TSecr=2851488714 [TCP segment of a reassembled PDU]"
"111","4.172519","172.20.10.7","65.55.44.109","TLSv1.2","385","Application Data"
"112","4.259789","172.20.10.7","65.55.44.109","TCP","1444","[TCP Retransmission] 64424  >  443 [PSH, ACK] Seq=930 Ack=3943 Win=131072 Len=1378 TSval=4279073983 TSecr=2851488714"
"113","4.268923","65.55.44.109","172.20.10.7","TCP","66","443  >  64424 [ACK] Seq=3943 Ack=2308 Win=87040 Len=0 TSval=2851488813 TSecr=4279073896"
"114","4.384350","65.55.44.109","172.20.10.7","TLSv1.2","380","Application Data"
"115","4.384352","65.55.44.109","172.20.10.7","TCP","66","443  >  64424 [FIN, ACK] Seq=4257 Ack=2308 Win=87552 Len=0 TSval=2851488929 TSecr=4279073896"
"116","4.384594","172.20.10.7","65.55.44.109","TCP","66","64424  >  443 [ACK] Seq=2308 Ack=4257 Win=130752 Len=0 TSval=4279074108 TSecr=2851488929"
"117","4.384719","172.20.10.7","65.55.44.109","TCP","66","64424  >  443 [ACK] Seq=2308 Ack=4258 Win=130752 Len=0 TSval=4279074108 TSecr=2851488929"
"118","4.387120","172.20.10.7","65.55.44.109","TLSv1.2","97","Encrypted Alert"
"119","4.387394","172.20.10.7","65.55.44.109","TCP","66","64424  >  443 [FIN, ACK] Seq=2339 Ack=4258 Win=131072 Len=0 TSval=4279074111 TSecr=2851488929"
"120","4.402126","172.20.10.7","54.90.223.72","TLSv1.2","120","Application Data"
"121","4.447939","65.55.44.109","172.20.10.7","TCP","66","[TCP Retransmission] 443  >  64424 [FIN, ACK] Seq=4257 Ack=2308 Win=87552 Len=0 TSval=2851488993 TSecr=4279073983"
"122","4.448165","172.20.10.7","65.55.44.109","TCP","66","[TCP Retransmission] 64424  >  443 [FIN, ACK] Seq=2339 Ack=4258 Win=131072 Len=0 TSval=4279074172 TSecr=2851488929"
"123","4.452585","65.55.44.109","172.20.10.7","TCP","66","443  >  64424 [ACK] Seq=4258 Ack=2340 Win=87040 Len=0 TSval=2851488995 TSecr=4279074111"
"124","4.459781","54.90.223.72","172.20.10.7","TLSv1.2","122","Application Data"
"125","4.459934","172.20.10.7","54.90.223.72","TCP","66","58336  >  443 [ACK] Seq=111 Ack=57 Win=2047 Len=0 TSval=3313459702 TSecr=3565149287"
"126","4.499909","65.55.44.109","172.20.10.7","TCP","66","[TCP Dup ACK 123#1] 443  >  64424 [ACK] Seq=4258 Ack=2340 Win=87040 Len=0 TSval=2851489042 TSecr=4279074111"
"127","4.500071","172.20.10.7","65.55.44.109","TCP","54","64424  >  443 [RST] Seq=2340 Win=0 Len=0"
"128","4.548250","2600:380:8e45:68b:2105:88be:b995:2d76","2606:4700:20::681a:bbd","TCP","74","57486  >  443 [ACK] Seq=1 Ack=1 Win=2048 Len=0"
"129","4.598964","2606:4700:20::681a:bbd","2600:380:8e45:68b:2105:88be:b995:2d76","TCP","86","[TCP ACKed unseen segment] 443  >  57486 [ACK] Seq=1 Ack=2 Win=171 Len=0 TSval=725269092 TSecr=3003789346"
"130","4.718004","fe80::14b8:bc02:b3fd:2220","fe80::c09a:d0ff:febb:3364","DNS","125","Standard query 0xe66b A onedscolprdcus05.centralus.cloudapp.azure.com"
"131","4.754321","172.20.10.7","54.90.223.72","TLSv1.2","120","Application Data"
"132","4.778107","fe80::c09a:d0ff:febb:3364","fe80::14b8:bc02:b3fd:2220","DNS","141","Standard query response 0xe66b A onedscolprdcus05.centralus.cloudapp.azure.com A 20.44.10.123"
"133","4.780893","172.20.10.7","20.44.10.123","TCP","78","64489  >  443 [SYN] Seq=0 Win=65535 Len=0 MSS=1460 WS=64 TSval=3676410618 TSecr=0 SACK_PERM=1"
"134","4.811027","54.90.223.72","172.20.10.7","TLSv1.2","122","Application Data"
"135","4.811322","172.20.10.7","54.90.223.72","TCP","66","58401  >  443 [ACK] Seq=111 Ack=57 Win=2047 Len=0 TSval=1922521565 TSecr=4239896113"
"136","4.829237","20.44.10.123","172.20.10.7","TCP","74","443  >  64489 [SYN, ACK] Seq=0 Ack=1 Win=65535 Len=0 MSS=1390 WS=512 SACK_PERM=1 TSval=3196212681 TSecr=3676410618"
"137","4.829453","172.20.10.7","20.44.10.123","TCP","66","64489  >  443 [ACK] Seq=1 Ack=1 Win=132288 Len=0 TSval=3676410667 TSecr=3196212681"
"138","4.829953","172.20.10.7","20.44.10.123","TLSv1.2","583","Client Hello"
"139","4.877943","20.44.10.123","172.20.10.7","TCP","66","[TCP Window Update] 443  >  64489 [ACK] Seq=1 Ack=1 Win=87552 Len=0 TSval=3196212729 TSecr=3676410667"
"140","4.928035","20.44.10.123","172.20.10.7","TCP","66","443  >  64489 [ACK] Seq=1 Ack=518 Win=87552 Len=0 TSval=3196212781 TSecr=3676410667"
"141","4.958248","20.44.10.123","172.20.10.7","TCP","1444","443  >  64489 [ACK] Seq=1 Ack=518 Win=87552 Len=1378 TSval=3196212811 TSecr=3676410667 [TCP segment of a reassembled PDU]"
"142","4.958250","20.44.10.123","172.20.10.7","TCP","148","443  >  64489 [PSH, ACK] Seq=1379 Ack=518 Win=87552 Len=82 TSval=3196212811 TSecr=3676410667 [TCP segment of a reassembled PDU]"
"143","4.958533","172.20.10.7","20.44.10.123","TCP","66","64489  >  443 [ACK] Seq=518 Ack=1461 Win=130816 Len=0 TSval=3676410796 TSecr=3196212811"
"144","4.965901","20.44.10.123","172.20.10.7","TCP","1444","443  >  64489 [ACK] Seq=1461 Ack=518 Win=87552 Len=1378 TSval=3196212811 TSecr=3676410667 [TCP segment of a reassembled PDU]"
"145","4.965904","20.44.10.123","172.20.10.7","TCP","1444","443  >  64489 [ACK] Seq=2839 Ack=518 Win=87552 Len=1378 TSval=3196212811 TSecr=3676410667 [TCP segment of a reassembled PDU]"
"146","4.966093","172.20.10.7","20.44.10.123","TCP","66","64489  >  443 [ACK] Seq=518 Ack=4217 Win=128256 Len=0 TSval=3676410804 TSecr=3196212811"
"147","4.966562","172.20.10.7","20.44.10.123","TCP","66","[TCP Window Update] 64489  >  443 [ACK] Seq=518 Ack=4217 Win=131072 Len=0 TSval=3676410804 TSecr=3196212811"
"148","5.007945","20.44.10.123","172.20.10.7","TLSv1.2","286","Server Hello, Certificate, Server Key Exchange, Server Hello Done"
"149","5.008055","172.20.10.7","20.44.10.123","TCP","66","64489  >  443 [ACK] Seq=518 Ack=4437 Win=130816 Len=0 TSval=3676410846 TSecr=3196212860"
"150","5.015146","172.20.10.7","20.44.10.123","TLSv1.2","224","Client Key Exchange, Change Cipher Spec, Encrypted Handshake Message"
"151","5.045800","172.20.10.7","54.90.223.72","TLSv1.2","120","Application Data"
"152","5.096158","20.44.10.123","172.20.10.7","TLSv1.2","117","Change Cipher Spec, Encrypted Handshake Message"
"153","5.096406","172.20.10.7","20.44.10.123","TCP","66","64489  >  443 [ACK] Seq=676 Ack=4488 Win=131008 Len=0 TSval=3676410934 TSecr=3196212949"
"154","5.098733","172.20.10.7","20.44.10.123","TCP","1444","64489  >  443 [ACK] Seq=676 Ack=4488 Win=131072 Len=1378 TSval=3676410936 TSecr=3196212949 [TCP segment of a reassembled PDU]"
"155","5.098839","172.20.10.7","20.44.10.123","TLSv1.2","573","Application Data"
"156","5.100713","54.90.223.72","172.20.10.7","TLSv1.2","122","Application Data"
"157","5.100813","172.20.10.7","54.90.223.72","TCP","66","58402  >  443 [ACK] Seq=111 Ack=57 Win=2047 Len=0 TSval=4226465708 TSecr=2682275021"
"158","5.195981","20.44.10.123","172.20.10.7","TCP","66","443  >  64489 [ACK] Seq=4488 Ack=2561 Win=87040 Len=0 TSval=3196213048 TSecr=3676410936"
"159","5.327609","2600:380:8e45:68b:2105:88be:b995:2d76","2607:f8b0:4006:824::2003","TCP","74","55801  >  443 [ACK] Seq=1 Ack=1 Win=2048 Len=0"
"160","5.379064","2607:f8b0:4006:824::2003","2600:380:8e45:68b:2105:88be:b995:2d76","TCP","86","[TCP ACKed unseen segment] 443  >  55801 [ACK] Seq=1 Ack=2 Win=171 Len=0 TSval=2415413660 TSecr=3408386928"
"161","5.630104","fe80::14b8:bc02:b3fd:2220","fe80::c09a:d0ff:febb:3364","DNS","108","Standard query 0x280b A dc.services.visualstudio.com"
"162","5.630338","fe80::14b8:bc02:b3fd:2220","fe80::c09a:d0ff:febb:3364","DNS","108","Standard query 0xb0c7 AAAA dc.services.visualstudio.com"
"163","5.707870","fe80::c09a:d0ff:febb:3364","fe80::14b8:bc02:b3fd:2220","DNS","366","Standard query response 0x280b A dc.services.visualstudio.com CNAME dc.applicationinsights.microsoft.com CNAME dc.applicationinsights.azure.com CNAME global.in.ai.monitor.azure.com CNAME global.in.ai.privatelink.monitor.azure.com CNAME dc.trafficmanager.net CNAME eus013-breeziest-in.cloudapp.net A 20.42.73.142"
"164","5.767160","fe80::c09a:d0ff:febb:3364","fe80::14b8:bc02:b3fd:2220","DNS","411","Standard query response 0xb0c7 AAAA dc.services.visualstudio.com CNAME dc.applicationinsights.microsoft.com CNAME dc.applicationinsights.azure.com CNAME global.in.ai.monitor.azure.com CNAME global.in.ai.privatelink.monitor.azure.com CNAME dc.trafficmanager.net CNAME eus013-breeziest-in.cloudapp.net SOA ns1-201.azure-dns.com"
"165","5.767967","fe80::14b8:bc02:b3fd:2220","fe80::c09a:d0ff:febb:3364","DNS","112","Standard query 0x8ae2 AAAA eus013-breeziest-in.cloudapp.net"
"166","5.773324","fe80::c09a:d0ff:febb:3364","fe80::14b8:bc02:b3fd:2220","DNS","186","Standard query response 0x8ae2 AAAA eus013-breeziest-in.cloudapp.net SOA ns1-201.azure-dns.com"
"167","5.775070","172.20.10.7","20.42.73.142","TCP","78","64554  >  443 [SYN] Seq=0 Win=65535 Len=0 MSS=1460 WS=64 TSval=953583127 TSecr=0 SACK_PERM=1"
"168","5.810046","20.42.73.142","172.20.10.7","TCP","74","443  >  64554 [SYN, ACK] Seq=0 Ack=1 Win=65535 Len=0 MSS=1390 WS=512 SACK_PERM=1 TSval=2038549481 TSecr=953583127"
"169","5.810262","172.20.10.7","20.42.73.142","TCP","66","64554  >  443 [ACK] Seq=1 Ack=1 Win=132288 Len=0 TSval=953583163 TSecr=2038549481"
"170","5.811066","172.20.10.7","20.42.73.142","TLSv1.2","583","Client Hello"
"171","5.849989","20.42.73.142","172.20.10.7","TCP","66","[TCP Window Update] 443  >  64554 [ACK] Seq=1 Ack=1 Win=87552 Len=0 TSval=2038549522 TSecr=953583163"
"172","5.878027","20.42.73.142","172.20.10.7","TCP","1444","443  >  64554 [ACK] Seq=1 Ack=518 Win=87552 Len=1378 TSval=2038549549 TSecr=953583163 [TCP segment of a reassembled PDU]"
"173","5.878240","172.20.10.7","20.42.73.142","TCP","66","64554  >  443 [ACK] Seq=518 Ack=1379 Win=130880 Len=0 TSval=953583231 TSecr=2038549549"
"174","5.881148","20.42.73.142","172.20.10.7","TCP","1444","443  >  64554 [ACK] Seq=1379 Ack=518 Win=87552 Len=1378 TSval=2038549549 TSecr=953583163 [TCP segment of a reassembled PDU]"
"175","5.881150","20.42.73.142","172.20.10.7","TCP","1444","443  >  64554 [ACK] Seq=2757 Ack=518 Win=87552 Len=1378 TSval=2038549549 TSecr=953583163 [TCP segment of a reassembled PDU]"
"176","5.881151","20.42.73.142","172.20.10.7","TLSv1.2","937","Server Hello, Certificate, Server Key Exchange, Server Hello Done"
"177","5.881244","172.20.10.7","20.42.73.142","TCP","66","64554  >  443 [ACK] Seq=518 Ack=5006 Win=127424 Len=0 TSval=953583234 TSecr=2038549549"
"178","5.881366","172.20.10.7","20.42.73.142","TCP","66","[TCP Window Update] 64554  >  443 [ACK] Seq=518 Ack=5006 Win=131072 Len=0 TSval=953583234 TSecr=2038549549"
"179","5.888718","172.20.10.7","20.42.73.142","TLSv1.2","224","Client Key Exchange, Change Cipher Spec, Encrypted Handshake Message"
"180","5.959953","20.42.73.142","172.20.10.7","TLSv1.2","117","Change Cipher Spec, Encrypted Handshake Message"
"181","5.960176","172.20.10.7","20.42.73.142","TCP","66","64554  >  443 [ACK] Seq=676 Ack=5057 Win=131008 Len=0 TSval=953583313 TSecr=2038549632"
"182","5.963550","172.20.10.7","20.42.73.142","TCP","1444","64554  >  443 [ACK] Seq=676 Ack=5057 Win=131072 Len=1378 TSval=953583316 TSecr=2038549632 [TCP segment of a reassembled PDU]"
"183","5.963561","172.20.10.7","20.42.73.142","TCP","1444","64554  >  443 [ACK] Seq=2054 Ack=5057 Win=131072 Len=1378 TSval=953583316 TSecr=2038549632 [TCP segment of a reassembled PDU]"
"184","5.963763","172.20.10.7","20.42.73.142","TLSv1.2","708","Application Data"
"185","6.054604","172.20.10.7","20.42.73.142","TCP","1444","[TCP Retransmission] 64554  >  443 [PSH, ACK] Seq=2696 Ack=5057 Win=131072 Len=1378 TSval=953583407 TSecr=2038549632"
"186","6.064940","20.42.73.142","172.20.10.7","TCP","66","443  >  64554 [ACK] Seq=5057 Ack=3432 Win=86016 Len=0 TSval=2038549737 TSecr=953583316"
"187","6.076892","172.20.10.7","151.101.129.69","TCP","54","65323  >  443 [ACK] Seq=1 Ack=1 Win=2048 Len=0"
"188","6.117657","151.101.129.69","172.20.10.7","TCP","66","[TCP ACKed unseen segment] 443  >  65323 [ACK] Seq=1 Ack=2 Win=171 Len=0 TSval=3161015487 TSecr=3430651265"
"189","6.117658","20.42.73.142","172.20.10.7","TCP","66","443  >  64554 [ACK] Seq=5057 Ack=4074 Win=87552 Len=0 TSval=2038549788 TSecr=953583316"
"190","6.339378","172.20.10.7","20.42.73.142","TCP","78","64555  >  443 [SYN] Seq=0 Win=65535 Len=0 MSS=1460 WS=64 TSval=1341252818 TSecr=0 SACK_PERM=1"
"191","6.366347","172.20.10.7","54.90.223.72","TLSv1.2","120","Application Data"
"192","6.380900","20.42.73.142","172.20.10.7","TCP","74","443  >  64555 [SYN, ACK] Seq=0 Ack=1 Win=65535 Len=0 MSS=1390 WS=512 SACK_PERM=1 TSval=3619610424 TSecr=1341252818"
"193","6.381021","172.20.10.7","20.42.73.142","TCP","66","64555  >  443 [ACK] Seq=1 Ack=1 Win=132288 Len=0 TSval=1341252860 TSecr=3619610424"
"194","6.385431","172.20.10.7","20.42.73.142","TLSv1.2","583","Client Hello"
"195","6.414929","20.42.73.142","172.20.10.7","TCP","66","[TCP Window Update] 443  >  64555 [ACK] Seq=1 Ack=1 Win=87552 Len=0 TSval=3619610458 TSecr=1341252860"
"196","6.429652","54.90.223.72","172.20.10.7","TLSv1.2","122","Application Data"
"197","6.429753","172.20.10.7","54.90.223.72","TCP","66","58468  >  443 [ACK] Seq=111 Ack=57 Win=2047 Len=0 TSval=3067470517 TSecr=1968021929"
"198","6.443954","20.42.73.142","172.20.10.7","TCP","1444","443  >  64555 [ACK] Seq=1 Ack=518 Win=87552 Len=1378 TSval=3619610487 TSecr=1341252864 [TCP segment of a reassembled PDU]"
"199","6.444107","172.20.10.7","20.42.73.142","TCP","66","64555  >  443 [ACK] Seq=518 Ack=1379 Win=130880 Len=0 TSval=1341252923 TSecr=3619610487"
"200","6.449090","20.42.73.142","172.20.10.7","TCP","1444","443  >  64555 [ACK] Seq=1379 Ack=518 Win=87552 Len=1378 TSval=3619610487 TSecr=1341252864 [TCP segment of a reassembled PDU]"
"201","6.449090","20.42.73.142","172.20.10.7","TCP","1444","443  >  64555 [ACK] Seq=2757 Ack=518 Win=87552 Len=1378 TSval=3619610487 TSecr=1341252864 [TCP segment of a reassembled PDU]"
"202","6.449091","20.42.73.142","172.20.10.7","TLSv1.2","937","Server Hello, Certificate, Server Key Exchange, Server Hello Done"
"203","6.449159","172.20.10.7","20.42.73.142","TCP","66","64555  >  443 [ACK] Seq=518 Ack=5006 Win=127424 Len=0 TSval=1341252928 TSecr=3619610487"
"204","6.449228","172.20.10.7","20.42.73.142","TCP","66","[TCP Window Update] 64555  >  443 [ACK] Seq=518 Ack=5006 Win=131072 Len=0 TSval=1341252928 TSecr=3619610487"
"205","6.454657","172.20.10.7","20.42.73.142","TLSv1.2","224","Client Key Exchange, Change Cipher Spec, Encrypted Handshake Message"
"206","6.515973","20.42.73.142","172.20.10.7","TLSv1.2","117","Change Cipher Spec, Encrypted Handshake Message"
"207","6.516110","172.20.10.7","20.42.73.142","TCP","66","64555  >  443 [ACK] Seq=676 Ack=5057 Win=131008 Len=0 TSval=1341252995 TSecr=3619610559"
"208","6.518033","172.20.10.7","20.42.73.142","TCP","1444","64555  >  443 [ACK] Seq=676 Ack=5057 Win=131072 Len=1378 TSval=1341252997 TSecr=3619610559 [TCP segment of a reassembled PDU]"
"209","6.518113","172.20.10.7","20.42.73.142","TLSv1.2","744","Application Data"
"210","6.613361","172.20.10.7","20.42.73.142","TCP","1444","[TCP Retransmission] 64555  >  443 [PSH, ACK] Seq=1354 Ack=5057 Win=131072 Len=1378 TSval=1341253092 TSecr=3619610559"
"211","6.628953","20.42.73.142","172.20.10.7","TCP","66","443  >  64555 [ACK] Seq=5057 Ack=2732 Win=86528 Len=0 TSval=3619610670 TSecr=1341252997"
"212","6.693100","20.42.73.142","172.20.10.7","TCP","66","[TCP Window Update] 443  >  64555 [ACK] Seq=5057 Ack=2732 Win=87552 Len=0 TSval=3619610736 TSecr=1341253092"
"213","6.802390","20.42.73.142","172.20.10.7","TLSv1.2","603","Application Data"
"214","6.802392","20.42.73.142","172.20.10.7","TCP","66","443  >  64554 [FIN, ACK] Seq=5594 Ack=4074 Win=87552 Len=0 TSval=2038550476 TSecr=953583316"
"215","6.802684","172.20.10.7","20.42.73.142","TCP","66","64554  >  443 [ACK] Seq=4074 Ack=5594 Win=130496 Len=0 TSval=953584155 TSecr=2038550476"
"216","6.802882","172.20.10.7","20.42.73.142","TCP","66","64554  >  443 [ACK] Seq=4074 Ack=5595 Win=130496 Len=0 TSval=953584155 TSecr=2038550476"
"217","6.804072","172.20.10.7","20.42.73.142","TLSv1.2","97","Encrypted Alert"
"218","6.804468","172.20.10.7","20.42.73.142","TCP","66","64554  >  443 [FIN, ACK] Seq=4105 Ack=5595 Win=131072 Len=0 TSval=953584157 TSecr=2038550476"
"219","6.859002","20.42.73.142","172.20.10.7","TCP","66","443  >  64554 [ACK] Seq=5595 Ack=4106 Win=87040 Len=0 TSval=2038550533 TSecr=953584157"
"220","7.079820","172.20.10.7","172.20.10.15","UDP","86","57621  >  57621 Len=44"
"221","7.489002","20.42.73.142","172.20.10.7","TLSv1.2","601","Application Data"
"222","7.489198","172.20.10.7","20.42.73.142","TCP","66","64555  >  443 [ACK] Seq=2732 Ack=5592 Win=130496 Len=0 TSval=1341253968 TSecr=3619611400"
"223","7.489600","20.42.73.142","172.20.10.7","TCP","66","443  >  64555 [FIN, ACK] Seq=5592 Ack=2732 Win=87552 Len=0 TSval=3619611400 TSecr=1341253092"
"224","7.489651","172.20.10.7","20.42.73.142","TCP","66","64555  >  443 [ACK] Seq=2732 Ack=5593 Win=131072 Len=0 TSval=1341253968 TSecr=3619611400"
"225","7.490052","20.44.10.123","172.20.10.7","TLSv1.2","453","Application Data"
"226","7.490053","20.44.10.123","172.20.10.7","TCP","66","443  >  64489 [FIN, ACK] Seq=4875 Ack=2561 Win=87552 Len=0 TSval=3196215347 TSecr=3676410936"
"227","7.490107","172.20.10.7","20.44.10.123","TCP","66","64489  >  443 [ACK] Seq=2561 Ack=4875 Win=130624 Len=0 TSval=3676413327 TSecr=3196215347"
"228","7.490152","172.20.10.7","20.44.10.123","TCP","66","64489  >  443 [ACK] Seq=2561 Ack=4876 Win=130624 Len=0 TSval=3676413328 TSecr=3196215347"
"229","7.490564","172.20.10.7","20.42.73.142","TLSv1.2","97","Encrypted Alert"
"230","7.490881","172.20.10.7","20.42.73.142","TCP","66","64555  >  443 [FIN, ACK] Seq=2763 Ack=5593 Win=131072 Len=0 TSval=1341253969 TSecr=3619611400"
"231","7.491348","172.20.10.7","20.44.10.123","TLSv1.2","97","Encrypted Alert"
"232","7.493040","172.20.10.7","20.44.10.123","TCP","66","64489  >  443 [FIN, ACK] Seq=2592 Ack=4876 Win=131072 Len=0 TSval=3676413331 TSecr=3196215347"
"233","7.539475","20.44.10.123","172.20.10.7","TCP","66","443  >  64489 [ACK] Seq=4876 Ack=2593 Win=87040 Len=0 TSval=3196215391 TSecr=3676413329"
"234","7.539476","20.42.73.142","172.20.10.7","TCP","66","443  >  64555 [ACK] Seq=5593 Ack=2764 Win=87040 Len=0 TSval=3619611578 TSecr=1341253969"
"235","7.754909","2600:380:8e45:68b:2105:88be:b995:2d76","2600:1901:1:ca7::","TLSv1.2","129","Application Data"
"236","7.854084","2600:1901:1:ca7::","2600:380:8e45:68b:2105:88be:b995:2d76","TLSv1.2","126","Application Data"
"237","7.854413","2600:380:8e45:68b:2105:88be:b995:2d76","2600:1901:1:ca7::","TCP","86","63453  >  443 [ACK] Seq=44 Ack=41 Win=2047 Len=0 TSval=1650509370 TSecr=720370612"
"238","8.777052","172.20.10.7","199.232.37.140","TLSv1.2","190","Application Data"
"239","8.777195","172.20.10.7","199.232.37.140","TLSv1.2","105","Application Data"
"240","8.777204","172.20.10.7","199.232.37.140","TCP","1444","62359  >  443 [ACK] Seq=164 Ack=1 Win=3899 Len=1378 TSval=1530018236 TSecr=494875817 [TCP segment of a reassembled PDU]"
"241","8.777209","172.20.10.7","199.232.37.140","TLSv1.2","579","Application Data"
"242","8.886513","199.232.37.140","172.20.10.7","TCP","66","443  >  62359 [ACK] Seq=1 Ack=164 Win=170 Len=0 TSval=494902554 TSecr=1530018236"
"243","8.888786","199.232.37.140","172.20.10.7","TLSv1.2","105","Application Data"
"244","8.888934","172.20.10.7","199.232.37.140","TCP","66","62359  >  443 [ACK] Seq=2055 Ack=40 Win=3899 Len=0 TSval=1530018347 TSecr=494902555"
"245","8.969906","199.232.37.140","172.20.10.7","TCP","66","443  >  62359 [ACK] Seq=40 Ack=2055 Win=170 Len=0 TSval=494902638 TSecr=1530018236"
"246","8.974766","199.232.37.140","172.20.10.7","TLSv1.2","101","Application Data"
"247","8.974941","172.20.10.7","199.232.37.140","TCP","66","62359  >  443 [ACK] Seq=2055 Ack=75 Win=3899 Len=0 TSval=1530018433 TSecr=494902640"
"248","9.108196","199.232.37.140","172.20.10.7","TLSv1.2","380","Application Data"
"249","9.108336","172.20.10.7","199.232.37.140","TCP","66","62359  >  443 [ACK] Seq=2055 Ack=389 Win=3894 Len=0 TSval=1530018567 TSecr=494902776"
"250","9.110160","172.20.10.7","199.232.37.140","TLSv1.2","101","Application Data"
"251","9.210458","199.232.37.140","172.20.10.7","TCP","66","443  >  62359 [ACK] Seq=389 Ack=2090 Win=171 Len=0 TSval=494902878 TSecr=1530018569"
"252","9.489897","2600:380:8e45:68b:2105:88be:b995:2d76","2607:f8b0:4006:816::200e","TCP","74","58927  >  443 [ACK] Seq=1 Ack=1 Win=2048 Len=0"
"253","9.558401","2607:f8b0:4006:816::200e","2600:380:8e45:68b:2105:88be:b995:2d76","TCP","86","[TCP ACKed unseen segment] 443  >  58927 [ACK] Seq=1 Ack=2 Win=171 Len=0 TSval=3476830311 TSecr=3263904493"
"254","10.296618","172.20.10.7","140.82.113.26","TCP","54","49364  >  443 [ACK] Seq=1 Ack=1 Win=2048 Len=0"
"255","10.357700","140.82.113.26","172.20.10.7","TCP","66","[TCP ACKed unseen segment] 443  >  49364 [ACK] Seq=1 Ack=2 Win=171 Len=0 TSval=2351833855 TSecr=60837526"
"256","10.518411","96.17.64.208","172.20.10.7","TLSv1.2","90","Application Data"
"257","10.518412","96.17.64.208","172.20.10.7","TCP","66","443  >  63515 [FIN, ACK] Seq=25 Ack=1 Win=171 Len=0 TSval=2204849707 TSecr=1073936052"
"258","10.518629","172.20.10.7","96.17.64.208","TCP","66","63515  >  443 [ACK] Seq=1 Ack=25 Win=2047 Len=0 TSval=1073955995 TSecr=2204849707"
"259","10.518783","172.20.10.7","96.17.64.208","TCP","66","63515  >  443 [ACK] Seq=1 Ack=26 Win=2047 Len=0 TSval=1073955995 TSecr=2204849707"
"260","10.520478","172.20.10.7","96.17.64.208","TCP","66","63515  >  443 [FIN, ACK] Seq=1 Ack=26 Win=2048 Len=0 TSval=1073955997 TSecr=2204849707"
"261","10.587989","96.17.64.208","172.20.10.7","TCP","66","443  >  63515 [ACK] Seq=26 Ack=2 Win=171 Len=0 TSval=2204849777 TSecr=1073955997"
"262","11.100660","2600:380:8e45:68b:2105:88be:b995:2d76","2600:141b:5000::173f:4c33","TCP","86","65481  >  80 [FIN, ACK] Seq=1 Ack=1 Win=2048 Len=0 TSval=1483467855 TSecr=1525286729"
"263","11.170625","2600:141b:5000::173f:4c33","2600:380:8e45:68b:2105:88be:b995:2d76","TCP","86","80  >  65481 [ACK] Seq=1 Ack=2 Win=171 Len=0 TSval=1525317462 TSecr=1483467855"
"264","11.173647","2600:141b:5000::173f:4c33","2600:380:8e45:68b:2105:88be:b995:2d76","TCP","86","80  >  65481 [FIN, ACK] Seq=1 Ack=2 Win=171 Len=0 TSval=1525317464 TSecr=1483467855"
"265","11.173846","2600:380:8e45:68b:2105:88be:b995:2d76","2600:141b:5000::173f:4c33","TCP","86","65481  >  80 [ACK] Seq=2 Ack=2 Win=2048 Len=0 TSval=1483467928 TSecr=1525317464"
"266","12.652647","172.20.10.7","65.55.44.109","TCP","78","64942  >  443 [SYN] Seq=0 Win=65535 Len=0 MSS=1460 WS=64 TSval=2157568883 TSecr=0 SACK_PERM=1"
"267","12.716515","65.55.44.109","172.20.10.7","TCP","74","443  >  64942 [SYN, ACK] Seq=0 Ack=1 Win=65535 Len=0 MSS=1390 WS=512 SACK_PERM=1 TSval=9989542 TSecr=2157568883"
"268","12.716757","172.20.10.7","65.55.44.109","TCP","66","64942  >  443 [ACK] Seq=1 Ack=1 Win=132288 Len=0 TSval=2157568947 TSecr=9989542"
"269","12.717600","172.20.10.7","65.55.44.109","TLSv1.2","583","Client Hello"
"270","12.750937","65.55.44.109","172.20.10.7","TCP","66","[TCP Window Update] 443  >  64942 [ACK] Seq=1 Ack=1 Win=87552 Len=0 TSval=9989582 TSecr=2157568947"
"271","12.818326","65.55.44.109","172.20.10.7","TCP","1444","443  >  64942 [ACK] Seq=1 Ack=518 Win=87552 Len=1378 TSval=9989640 TSecr=2157568947 [TCP segment of a reassembled PDU]"
"272","12.818328","65.55.44.109","172.20.10.7","TCP","148","443  >  64942 [PSH, ACK] Seq=1379 Ack=518 Win=87552 Len=82 TSval=9989640 TSecr=2157568947 [TCP segment of a reassembled PDU]"
"273","12.818594","172.20.10.7","65.55.44.109","TCP","66","64942  >  443 [ACK] Seq=518 Ack=1461 Win=130816 Len=0 TSval=2157569049 TSecr=9989640"
"274","12.826007","65.55.44.109","172.20.10.7","TCP","1444","443  >  64942 [ACK] Seq=1461 Ack=518 Win=87552 Len=1378 TSval=9989640 TSecr=2157568947 [TCP segment of a reassembled PDU]"
"275","12.826162","172.20.10.7","65.55.44.109","TCP","66","64942  >  443 [ACK] Seq=518 Ack=2839 Win=129664 Len=0 TSval=2157569057 TSecr=9989640"
"276","12.890085","65.55.44.109","172.20.10.7","TLSv1.2","1119","Server Hello, Certificate, Server Key Exchange, Server Hello Done"
"277","12.890334","172.20.10.7","65.55.44.109","TCP","66","64942  >  443 [ACK] Seq=518 Ack=3892 Win=129984 Len=0 TSval=2157569121 TSecr=9989714"
"278","12.892707","172.20.10.7","65.55.44.109","TLSv1.2","159","Client Key Exchange, Change Cipher Spec, Encrypted Handshake Message"
"279","12.968179","65.55.44.109","172.20.10.7","TLSv1.2","117","Change Cipher Spec, Encrypted Handshake Message"
"280","12.968486","172.20.10.7","65.55.44.109","TCP","66","64942  >  443 [ACK] Seq=611 Ack=3943 Win=131008 Len=0 TSval=2157569199 TSecr=9989792"
"281","12.970848","172.20.10.7","65.55.44.109","TLSv1.2","1423","Application Data"
"282","12.983947","172.20.10.7","54.90.223.72","TLSv1.2","120","Application Data"
"283","13.209334","172.20.10.7","65.55.44.109","TCP","1423","[TCP Retransmission] 64942  >  443 [PSH, ACK] Seq=611 Ack=3943 Win=131072 Len=1357 TSval=2157569440 TSecr=9989792"
"284","13.214804","54.90.223.72","172.20.10.7","TLSv1.2","122","Application Data"
"285","13.215144","172.20.10.7","54.90.223.72","TCP","66","58265  >  443 [ACK] Seq=165 Ack=113 Win=2047 Len=0 TSval=249587280 TSecr=490412266"
"286","13.218781","65.55.44.109","172.20.10.7","TLSv1.2","380","Application Data"
"287","13.218852","172.20.10.7","65.55.44.109","TCP","66","64942  >  443 [ACK] Seq=1968 Ack=4257 Win=130752 Len=0 TSval=2157569449 TSecr=9990051"
"288","13.219601","65.55.44.109","172.20.10.7","TCP","66","443  >  64942 [FIN, ACK] Seq=4257 Ack=1968 Win=87552 Len=0 TSval=9990051 TSecr=2157569201"
"289","13.219631","172.20.10.7","65.55.44.109","TCP","66","64942  >  443 [ACK] Seq=1968 Ack=4258 Win=131072 Len=0 TSval=2157569449 TSecr=9990051"
"290","13.219916","172.20.10.7","65.55.44.109","TLSv1.2","97","Encrypted Alert"
"291","13.220266","172.20.10.7","65.55.44.109","TCP","66","64942  >  443 [FIN, ACK] Seq=1999 Ack=4258 Win=131072 Len=0 TSval=2157569450 TSecr=9990051"
"292","13.336366","167.172.136.193","172.20.10.7","TLSv1.2","105","Application Data"
"293","13.336585","172.20.10.7","167.172.136.193","TCP","66","62824  >  443 [ACK] Seq=1 Ack=40 Win=2047 Len=0 TSval=3189110440 TSecr=4073388495"
"294","13.336875","172.20.10.7","167.172.136.193","TCP","66","62824  >  443 [FIN, ACK] Seq=1 Ack=40 Win=2048 Len=0 TSval=3189110440 TSecr=4073388495"
"295","13.364764","172.20.10.7","54.90.223.72","TLSv1.2","120","Application Data"
"296","13.424140","65.55.44.109","172.20.10.7","TCP","66","[TCP Retransmission] 443  >  64942 [FIN, ACK] Seq=4257 Ack=1968 Win=87552 Len=0 TSval=9990256 TSecr=2157569440"
"297","13.424377","172.20.10.7","65.55.44.109","TCP","66","[TCP Retransmission] 64942  >  443 [FIN, ACK] Seq=1999 Ack=4258 Win=131072 Len=0 TSval=2157569655 TSecr=9990051"
"298","13.437018","167.172.136.193","172.20.10.7","TCP","66","443  >  62824 [ACK] Seq=40 Ack=2 Win=171 Len=0 TSval=4073388595 TSecr=3189110440"
"299","13.444191","167.172.136.193","172.20.10.7","TLSv1.2","90","Application Data"
"300","13.444207","167.172.136.193","172.20.10.7","TCP","66","443  >  62824 [FIN, ACK] Seq=64 Ack=2 Win=171 Len=0 TSval=4073388598 TSecr=3189110440"
"301","13.444550","172.20.10.7","167.172.136.193","TCP","54","62824  >  443 [RST] Seq=2 Win=0 Len=0"
"302","13.444625","172.20.10.7","167.172.136.193","TCP","54","62824  >  443 [RST] Seq=2 Win=0 Len=0"
"303","13.454176","65.55.44.109","172.20.10.7","TCP","66","[TCP Dup ACK 286#1] 443  >  64942 [ACK] Seq=4258 Ack=1968 Win=87552 Len=0 TSval=9990286 TSecr=2157569449"
"304","13.479233","54.90.223.72","172.20.10.7","TLSv1.2","122","Application Data"
"305","13.479468","172.20.10.7","54.90.223.72","TCP","66","58267  >  443 [ACK] Seq=165 Ack=113 Win=2047 Len=0 TSval=2022027351 TSecr=1392067915"
"306","13.487932","65.55.44.109","172.20.10.7","TCP","66","[TCP Dup ACK 286#2] 443  >  64942 [ACK] Seq=4258 Ack=1968 Win=87552 Len=0 TSval=9990318 TSecr=2157569449"
"307","13.692588","172.20.10.7","54.90.223.72","TLSv1.2","120","Application Data"
"308","13.757120","54.90.223.72","172.20.10.7","TLSv1.2","122","Application Data"
"309","13.757329","172.20.10.7","54.90.223.72","TCP","66","58333  >  443 [ACK] Seq=165 Ack=113 Win=2047 Len=0 TSval=977756918 TSecr=1364110941"
"310","13.976927","172.20.10.7","65.55.44.109","TCP","97","[TCP Retransmission] 64942  >  443 [FIN, PSH, ACK] Seq=1968 Ack=4258 Win=131072 Len=31 TSval=2157570207 TSecr=9990318"
"311","14.020160","172.20.10.7","54.90.223.72","TLSv1.2","120","Application Data"
"312","14.043084","65.55.44.109","172.20.10.7","TCP","66","443  >  64942 [ACK] Seq=4258 Ack=2000 Win=87040 Len=0 TSval=9990877 TSecr=2157570207"
"313","14.096017","54.90.223.72","172.20.10.7","TLSv1.2","122","Application Data"
"314","14.096326","172.20.10.7","54.90.223.72","TCP","66","58334  >  443 [ACK] Seq=165 Ack=1148 Win=2047 Len=0 TSval=3731150342 TSecr=228491639"
"315","14.396250","172.20.10.7","54.90.223.72","TLSv1.2","120","Application Data"
"316","14.510695","54.90.223.72","172.20.10.7","TLSv1.2","122","Application Data"
"317","14.510980","172.20.10.7","54.90.223.72","TCP","66","58336  >  443 [ACK] Seq=165 Ack=113 Win=2047 Len=0 TSval=3313469753 TSecr=3565159332"
"318","14.752710","172.20.10.7","54.90.223.72","TLSv1.2","120","Application Data"
"319","14.828183","54.90.223.72","172.20.10.7","TLSv1.2","122","Application Data"
"320","14.828467","172.20.10.7","54.90.223.72","TCP","66","58401  >  443 [ACK] Seq=165 Ack=113 Win=2047 Len=0 TSval=1922531582 TSecr=4239906143"
"321","14.938260","2600:380:8e45:68b:2105:88be:b995:2d76","2607:f8b0:4006:81f::2003","TCP","74","62160  >  443 [ACK] Seq=1 Ack=1 Win=2048 Len=0"
"322","14.989989","2607:f8b0:4006:81f::2003","2600:380:8e45:68b:2105:88be:b995:2d76","TCP","86","[TCP ACKed unseen segment] 443  >  62160 [ACK] Seq=1 Ack=2 Win=171 Len=0 TSval=3187447594 TSecr=1846586542"
"323","15.042379","172.20.10.7","54.90.223.72","TLSv1.2","120","Application Data"
"324","15.115545","54.90.223.72","172.20.10.7","TLSv1.2","122","Application Data"
"325","15.115644","172.20.10.7","54.90.223.72","TCP","66","58402  >  443 [ACK] Seq=165 Ack=113 Win=2047 Len=0 TSval=4226475723 TSecr=2682285047"
"326","16.295537","2600:380:8e45:68b:dd7b:1ae5:d5f1:f20b","2600:380:8e45:68b:2105:88be:b995:2d76","ICMPv6","86","Neighbor Solicitation for 2600:380:8e45:68b:2105:88be:b995:2d76 from c2:9a:d0:bb:33:64"
"327","16.295802","2600:380:8e45:68b:2105:88be:b995:2d76","2600:380:8e45:68b:dd7b:1ae5:d5f1:f20b","ICMPv6","78","Neighbor Advertisement 2600:380:8e45:68b:2105:88be:b995:2d76 (sol)"
"328","16.372073","172.20.10.7","54.90.223.72","TLSv1.2","120","Application Data"
"329","16.435141","54.90.223.72","172.20.10.7","TLSv1.2","122","Application Data"
"330","16.435385","172.20.10.7","54.90.223.72","TCP","66","58468  >  443 [ACK] Seq=165 Ack=113 Win=2047 Len=0 TSval=3067480523 TSecr=1968031958"
"331","16.448810","2600:380:8e45:68b:2105:88be:b995:2d76","2607:f8b0:4006:808::200e","TCP","74","62226  >  443 [ACK] Seq=1 Ack=1 Win=2048 Len=0"
"332","16.449016","2600:380:8e45:68b:2105:88be:b995:2d76","2600:1901:1:c36::","TCP","74","51606  >  443 [ACK] Seq=1 Ack=1 Win=2048 Len=0"
"333","16.449089","172.20.10.7","199.232.36.193","TCP","54","65326  >  443 [ACK] Seq=1 Ack=1 Win=2048 Len=0"
"334","16.506500","199.232.36.193","172.20.10.7","TCP","66","[TCP ACKed unseen segment] 443  >  65326 [ACK] Seq=1 Ack=2 Win=171 Len=0 TSval=391074144 TSecr=1757762794"
"335","16.506501","2607:f8b0:4006:808::200e","2600:380:8e45:68b:2105:88be:b995:2d76","TCP","86","[TCP ACKed unseen segment] 443  >  62226 [ACK] Seq=1 Ack=2 Win=171 Len=0 TSval=2324118962 TSecr=3444518797"
"336","16.506502","2600:1901:1:c36::","2600:380:8e45:68b:2105:88be:b995:2d76","TCP","86","[TCP ACKed unseen segment] 443  >  51606 [ACK] Seq=1 Ack=2 Win=171 Len=0 TSval=15737241 TSecr=3842144618"
"337","16.913361","2600:380:8e45:68b:2105:88be:b995:2d76","2600:1901:1:c36::","TCP","74","57349  >  443 [ACK] Seq=1 Ack=1 Win=2048 Len=0"
"338","16.986563","2600:1901:1:c36::","2600:380:8e45:68b:2105:88be:b995:2d76","TCP","86","[TCP ACKed unseen segment] 443  >  57349 [ACK] Seq=1 Ack=2 Win=171 Len=0 TSval=80369470 TSecr=4006616206"
"339","17.014700","2600:380:8e45:68b:2105:88be:b995:2d76","2607:f8b0:4006:823::200a","TCP","74","62292  >  443 [ACK] Seq=1 Ack=1 Win=2048 Len=0"
"340","17.077101","2607:f8b0:4006:823::200a","2600:380:8e45:68b:2105:88be:b995:2d76","TCP","86","[TCP ACKed unseen segment] 443  >  62292 [ACK] Seq=1 Ack=2 Win=171 Len=0 TSval=3902240260 TSecr=4051544259"
"341","17.158503","2600:380:8e45:68b:2105:88be:b995:2d76","2606:4700:20::681a:bbd","TLSv1.2","137","[TCP Previous segment not captured] , Application Data"
"342","17.162568","2600:380:8e45:68b:2105:88be:b995:2d76","2606:4700:20::681a:bbd","TLSv1.2","233","Application Data"
"343","17.233083","2606:4700:20::681a:bbd","2600:380:8e45:68b:2105:88be:b995:2d76","TCP","86","[TCP ACKed unseen segment] 443  >  57486 [ACK] Seq=1 Ack=200 Win=170 Len=0 TSval=725281752 TSecr=3003846958"
"344","17.252927","2606:4700:20::681a:bbd","2600:380:8e45:68b:2105:88be:b995:2d76","TLSv1.2","133","Application Data"
"345","17.253201","2600:380:8e45:68b:2105:88be:b995:2d76","2606:4700:20::681a:bbd","TCP","86","57486  >  443 [ACK] Seq=200 Ack=48 Win=2047 Len=0 TSval=3003847053 TSecr=725281772"
"346","17.305178","2606:4700:20::681a:bbd","2600:380:8e45:68b:2105:88be:b995:2d76","TLSv1.2","229","Application Data"
"347","17.305451","2600:380:8e45:68b:2105:88be:b995:2d76","2606:4700:20::681a:bbd","TCP","86","57486  >  443 [ACK] Seq=200 Ack=191 Win=2045 Len=0 TSval=3003847105 TSecr=725281815"
"348","17.506991","2600:380:8e45:68b:2105:88be:b995:2d76","2607:f8b0:4006:80c::2004","TCP","74","61965  >  443 [ACK] Seq=1 Ack=1 Win=3024 Len=0"
"349","17.550104","2607:f8b0:4006:80c::2004","2600:380:8e45:68b:2105:88be:b995:2d76","TCP","86","[TCP ACKed unseen segment] 443  >  61965 [ACK] Seq=1 Ack=2 Win=171 Len=0 TSval=749578256 TSecr=125651841"
"350","18.184171","172.20.10.7","104.154.127.126","TCP","77","49843  >  4070 [PSH, ACK] Seq=1 Ack=1 Win=2048 Len=11 TSval=4095075166 TSecr=3911460692"
"351","18.277595","104.154.127.126","172.20.10.7","TCP","77","4070  >  49843 [PSH, ACK] Seq=1 Ack=12 Win=16 Len=11 TSval=3911520903 TSecr=4095075166"
"352","18.277901","172.20.10.7","104.154.127.126","TCP","66","49843  >  4070 [ACK] Seq=12 Ack=12 Win=2047 Len=0 TSval=4095075259 TSecr=3911520903"
"353","18.547699","2600:380:8e45:68b:2105:88be:b995:2d76","2a04:4e42:46::396","TCP","74","62358  >  443 [ACK] Seq=1 Ack=1 Win=2048 Len=0"
"354","18.600147","2a04:4e42:46::396","2600:380:8e45:68b:2105:88be:b995:2d76","TCP","86","[TCP ACKed unseen segment] 443  >  62358 [ACK] Seq=1 Ack=2 Win=171 Len=0 TSval=205709357 TSecr=412734585"
"355","19.471873","54.86.246.198","172.20.10.7","TLSv1.2","111","Application Data"
"356","19.472084","172.20.10.7","54.86.246.198","TCP","66","62425  >  443 [ACK] Seq=1 Ack=91 Win=2047 Len=0 TSval=3798369240 TSecr=703284468"
"357","19.843182","2600:380:8e45:68b:2105:88be:b995:2d76","2607:f8b0:4006:80b::2008","TCP","74","62426  >  443 [ACK] Seq=1 Ack=1 Win=2048 Len=0"
"358","19.843441","172.20.10.7","54.224.85.111","TCP","54","56321  >  443 [ACK] Seq=1 Ack=1 Win=2048 Len=0"
"359","19.903663","54.224.85.111","172.20.10.7","TCP","66","[TCP ACKed unseen segment] 443  >  56321 [ACK] Seq=1 Ack=2 Win=171 Len=0 TSval=2956562186 TSecr=2054655551"
"360","19.905866","2607:f8b0:4006:80b::2008","2600:380:8e45:68b:2105:88be:b995:2d76","TCP","86","[TCP ACKed unseen segment] 443  >  62426 [ACK] Seq=1 Ack=2 Win=171 Len=0 TSval=3068713312 TSecr=2146781721"
"361","20.058348","172.20.10.7","17.57.147.4","TLSv1.2","100","Application Data"
"362","20.127189","17.57.147.4","172.20.10.7","TLSv1.2","90","Application Data"
"363","20.127521","172.20.10.7","17.57.147.4","TCP","66","56235  >  5223 [ACK] Seq=35 Ack=25 Win=2047 Len=0 TSval=2457837706 TSecr=3969092232"
"364","20.550307","172.20.10.7","13.225.209.34","TCP","54","62493  >  443 [ACK] Seq=1 Ack=1 Win=2048 Len=0"
"365","20.550655","2600:380:8e45:68b:2105:88be:b995:2d76","2600:9000:21dd:8e00:6:44e3:f8c0:93a1","TCP","74","62461  >  443 [ACK] Seq=1 Ack=1 Win=2048 Len=0"
"366","20.601282","2600:9000:21dd:8e00:6:44e3:f8c0:93a1","2600:380:8e45:68b:2105:88be:b995:2d76","TCP","86","[TCP ACKed unseen segment] 443  >  62461 [ACK] Seq=1 Ack=2 Win=171 Len=0 TSval=2578035785 TSecr=2870476869"
"367","20.603812","13.225.209.34","172.20.10.7","TCP","66","[TCP ACKed unseen segment] 443  >  62493 [ACK] Seq=1 Ack=2 Win=171 Len=0 TSval=3502117192 TSecr=3376735141"
"368","20.752992","2600:380:8e45:68b:2105:88be:b995:2d76","2620:116:800b:21:1d2b:ecd5:fcc0:2c58","TCP","74","62496  >  443 [ACK] Seq=1 Ack=1 Win=2048 Len=0"
"369","20.753307","2600:380:8e45:68b:2105:88be:b995:2d76","2607:f8b0:4004:c0b::bc","TCP","74","60634  >  5228 [ACK] Seq=1 Ack=1 Win=2048 Len=0"
"370","20.765150","2600:380:8e45:68b:2105:88be:b995:2d76","2600:1901:1:c36::","TLSv1.2","174","[TCP Previous segment not captured] , Application Data"
"371","20.765348","2600:380:8e45:68b:2105:88be:b995:2d76","2600:1901:1:c36::","TLSv1.2","125","Application Data"
"372","20.809002","2620:116:800b:21:1d2b:ecd5:fcc0:2c58","2600:380:8e45:68b:2105:88be:b995:2d76","TCP","86","[TCP ACKed unseen segment] 443  >  62496 [ACK] Seq=1 Ack=2 Win=171 Len=0 TSval=3034364552 TSecr=1332768472"
"373","20.820175","2607:f8b0:4004:c0b::bc","2600:380:8e45:68b:2105:88be:b995:2d76","TCP","86","[TCP ACKed unseen segment] 5228  >  60634 [ACK] Seq=1 Ack=2 Win=265 Len=0 TSval=2892905682 TSecr=1586103572"
"374","20.820178","2600:1901:1:c36::","2600:380:8e45:68b:2105:88be:b995:2d76","TCP","86","[TCP ACKed unseen segment] 443  >  57349 [ACK] Seq=1 Ack=129 Win=171 Len=0 TSval=80373314 TSecr=4006665170"
"375","20.820178","2600:1901:1:c36::","2600:380:8e45:68b:2105:88be:b995:2d76","TLSv1.2","125","Application Data"
"376","20.820497","2600:380:8e45:68b:2105:88be:b995:2d76","2600:1901:1:c36::","TCP","86","57349  >  443 [ACK] Seq=129 Ack=40 Win=2047 Len=0 TSval=4006665225 TSecr=80373316"
"377","20.854542","2600:380:8e45:68b:2105:88be:b995:2d76","2620:116:800b:21:1d2b:ecd5:fcc0:2c58","TCP","74","62495  >  443 [ACK] Seq=1 Ack=1 Win=2048 Len=0"
"378","20.881098","2600:1901:1:c36::","2600:380:8e45:68b:2105:88be:b995:2d76","TLSv1.2","172","Application Data"
"379","20.881377","2600:380:8e45:68b:2105:88be:b995:2d76","2600:1901:1:c36::","TCP","86","57349  >  443 [ACK] Seq=129 Ack=126 Win=2046 Len=0 TSval=4006665286 TSecr=80373381"
"380","20.883441","2600:380:8e45:68b:2105:88be:b995:2d76","2600:1901:1:c36::","TLSv1.2","125","Application Data"
"381","20.901712","2620:116:800b:21:1d2b:ecd5:fcc0:2c58","2600:380:8e45:68b:2105:88be:b995:2d76","TCP","86","[TCP ACKed unseen segment] 443  >  62495 [ACK] Seq=1 Ack=2 Win=171 Len=0 TSval=3645942616 TSecr=3439828119"
"382","20.982108","2600:1901:1:c36::","2600:380:8e45:68b:2105:88be:b995:2d76","TCP","86","443  >  57349 [ACK] Seq=126 Ack=168 Win=171 Len=0 TSval=80373482 TSecr=4006665288"
"383","21.350198","2600:380:8e45:68b:2105:88be:b995:2d76","2600:380:8e45:68b:dd7b:1ae5:d5f1:f20b","ICMPv6","86","Neighbor Solicitation for 2600:380:8e45:68b:dd7b:1ae5:d5f1:f20b from f4:d4:88:7a:4b:de"
"384","21.350518","fe80::14b8:bc02:b3fd:2220","fe80::c09a:d0ff:febb:3364","ICMPv6","86","Neighbor Solicitation for fe80::c09a:d0ff:febb:3364 from f4:d4:88:7a:4b:de"
"385","21.357453","2600:380:8e45:68b:dd7b:1ae5:d5f1:f20b","2600:380:8e45:68b:2105:88be:b995:2d76","ICMPv6","78","Neighbor Advertisement 2600:380:8e45:68b:dd7b:1ae5:d5f1:f20b (rtr, sol)"
"386","21.357453","fe80::c09a:d0ff:febb:3364","fe80::14b8:bc02:b3fd:2220","ICMPv6","78","Neighbor Advertisement fe80::c09a:d0ff:febb:3364 (rtr, sol)"
"387","21.851370","2600:380:8e45:68b:2105:88be:b995:2d76","2606:4700::6810:5914","TCP","74","62561  >  443 [ACK] Seq=1 Ack=1 Win=2048 Len=0"
"388","21.927018","2606:4700::6810:5914","2600:380:8e45:68b:2105:88be:b995:2d76","TCP","86","[TCP ACKed unseen segment] 443  >  62561 [ACK] Seq=1 Ack=2 Win=171 Len=0 TSval=3326633620 TSecr=487265452"
"389","22.981531","172.20.10.7","54.90.223.72","TLSv1.2","120","Application Data"
"390","23.007805","172.20.10.7","54.90.223.72","TLSv1.2","122","Application Data"
"391","23.010225","172.20.10.7","54.90.223.72","TLSv1.2","122","Application Data"
"392","23.016741","172.20.10.7","54.90.223.72","TLSv1.2","122","Application Data"
"393","23.018296","172.20.10.7","54.90.223.72","TLSv1.2","122","Application Data"
"394","23.019875","172.20.10.7","54.90.223.72","TLSv1.2","122","Application Data"
"395","23.021605","172.20.10.7","54.90.223.72","TLSv1.2","122","Application Data"
"396","23.022921","172.20.10.7","54.90.223.72","TLSv1.2","122","Application Data"
"397","23.024176","172.20.10.7","54.90.223.72","TLSv1.2","122","Application Data"
"398","23.058276","54.90.223.72","172.20.10.7","TLSv1.2","122","Application Data"
"399","23.058519","172.20.10.7","54.90.223.72","TCP","66","58265  >  443 [ACK] Seq=275 Ack=169 Win=2047 Len=0 TSval=249597124 TSecr=490422153"
"400","23.103080","54.90.223.72","172.20.10.7","TCP","66","443  >  58267 [ACK] Seq=113 Ack=221 Win=171 Len=0 TSval=1392077558 TSecr=2022036879"
"401","23.124817","54.90.223.72","172.20.10.7","TCP","66","443  >  58265 [ACK] Seq=169 Ack=275 Win=171 Len=0 TSval=490422216 TSecr=249597076"
"402","23.131212","54.90.223.72","172.20.10.7","TCP","66","443  >  58468 [ACK] Seq=113 Ack=221 Win=171 Len=0 TSval=1968038669 TSecr=3067487110"
"403","23.131216","54.90.223.72","172.20.10.7","TCP","66","443  >  58334 [ACK] Seq=1148 Ack=221 Win=171 Len=0 TSval=228500693 TSecr=3731159270"
"404","23.131216","54.90.223.72","172.20.10.7","TCP","66","443  >  58401 [ACK] Seq=113 Ack=221 Win=171 Len=0 TSval=4239914471 TSecr=1922539775"
"405","23.141258","54.90.223.72","172.20.10.7","TCP","66","443  >  58336 [ACK] Seq=113 Ack=221 Win=171 Len=0 TSval=3565168007 TSecr=3313478262"
"406","23.141259","54.90.223.72","172.20.10.7","TCP","66","443  >  58333 [ACK] Seq=113 Ack=221 Win=171 Len=0 TSval=1364120344 TSecr=977766179"
"407","23.150791","54.90.223.72","172.20.10.7","TCP","66","443  >  58402 [ACK] Seq=113 Ack=221 Win=171 Len=0 TSval=2682293111 TSecr=4226483624"
"408","23.363792","172.20.10.7","54.90.223.72","TLSv1.2","120","Application Data"
"409","23.424878","54.90.223.72","172.20.10.7","TLSv1.2","122","Application Data"
"410","23.425151","172.20.10.7","54.90.223.72","TCP","66","58267  >  443 [ACK] Seq=275 Ack=169 Win=2047 Len=0 TSval=2022037296 TSecr=1392077879"
"411","23.694341","172.20.10.7","54.90.223.72","TLSv1.2","120","Application Data"
"412","23.753149","54.90.223.72","172.20.10.7","TLSv1.2","122","Application Data"
"413","23.753432","172.20.10.7","54.90.223.72","TCP","66","58333  >  443 [ACK] Seq=275 Ack=169 Win=2047 Len=0 TSval=977766914 TSecr=1364120956"
"414","24.021199","172.20.10.7","54.90.223.72","TLSv1.2","120","Application Data"
"415","24.093420","54.90.223.72","172.20.10.7","TLSv1.2","122","Application Data"
"416","24.093593","172.20.10.7","54.90.223.72","TCP","66","58334  >  443 [ACK] Seq=275 Ack=1204 Win=2047 Len=0 TSval=3731160339 TSecr=228501656"
"417","24.395732","172.20.10.7","54.90.223.72","TLSv1.2","120","Application Data"
"418","24.471608","2600:380:8e45:68b:2105:88be:b995:2d76","2a04:4e42:46::396","TCP","74","62293  >  443 [ACK] Seq=1 Ack=1 Win=2048 Len=0"
"419","24.476307","54.90.223.72","172.20.10.7","TLSv1.2","122","Application Data"
"420","24.476472","172.20.10.7","54.90.223.72","TCP","66","58336  >  443 [ACK] Seq=275 Ack=169 Win=2047 Len=0 TSval=3313479719 TSecr=3565169344"
"421","24.530345","2a04:4e42:46::396","2600:380:8e45:68b:2105:88be:b995:2d76","TCP","86","[TCP ACKed unseen segment] 443  >  62293 [ACK] Seq=1 Ack=2 Win=171 Len=0 TSval=3589159769 TSecr=3946036997"
"422","24.755183","172.20.10.7","54.90.223.72","TLSv1.2","120","Application Data"
"423","24.827577","54.90.223.72","172.20.10.7","TLSv1.2","122","Application Data"
"424","24.827805","172.20.10.7","54.90.223.72","TCP","66","58401  >  443 [ACK] Seq=275 Ack=169 Win=2047 Len=0 TSval=1922541581 TSecr=4239916170"
"425","25.045940","172.20.10.7","54.90.223.72","TLSv1.2","120","Application Data"
"426","25.122415","140.82.113.26","172.20.10.7","TLSv1.2","92","[TCP ACKed unseen segment] , Application Data"
"427","25.122763","172.20.10.7","140.82.113.26","TCP","66","[TCP Previous segment not captured] 49364  >  443 [ACK] Seq=2 Ack=27 Win=2048 Len=0 TSval=60897532 TSecr=2351848642"
"428","25.123043","172.20.10.7","140.82.113.26","TLSv1.2","96","Application Data"
"429","25.131893","54.90.223.72","172.20.10.7","TLSv1.2","122","Application Data"
"430","25.132017","172.20.10.7","54.90.223.72","TCP","66","58402  >  443 [ACK] Seq=275 Ack=169 Win=2047 Len=0 TSval=4226485739 TSecr=2682295080"
"431","25.217327","140.82.113.26","172.20.10.7","TCP","66","[TCP ACKed unseen segment] 443  >  49364 [ACK] Seq=27 Ack=32 Win=171 Len=0 TSval=2351848745 TSecr=60897532"
"432","25.257476","2600:380:8e45:68b:2105:88be:b995:2d76","2607:f8b0:4006:822::200a","TCP","74","62822  >  443 [ACK] Seq=1 Ack=1 Win=2048 Len=0"
"433","25.300078","2607:f8b0:4006:822::200a","2600:380:8e45:68b:2105:88be:b995:2d76","TCP","86","[TCP ACKed unseen segment] 443  >  62822 [ACK] Seq=1 Ack=2 Win=171 Len=0 TSval=3916697301 TSecr=1058351729"
"434","25.459636","2600:380:8e45:68b:2105:88be:b995:2d76","2602:fea2:2::1","TCP","74","62821  >  443 [ACK] Seq=1 Ack=1 Win=2048 Len=0"
"435","25.459877","2600:380:8e45:68b:2105:88be:b995:2d76","2a04:4e42:46::396","TCP","74","62820  >  443 [ACK] Seq=1 Ack=1 Win=2048 Len=0"
"436","25.519280","2a04:4e42:46::396","2600:380:8e45:68b:2105:88be:b995:2d76","TCP","86","[TCP ACKed unseen segment] 443  >  62820 [ACK] Seq=1 Ack=2 Win=171 Len=0 TSval=2468130863 TSecr=1524268614"
"437","25.523851","2602:fea2:2::1","2600:380:8e45:68b:2105:88be:b995:2d76","TCP","86","[TCP ACKed unseen segment] 443  >  62821 [ACK] Seq=1 Ack=2 Win=171 Len=0 TSval=1624535317 TSecr=2740991025"
"438","25.560504","2600:380:8e45:68b:2105:88be:b995:2d76","2607:f8b0:4006:821::200a","TCP","74","62161  >  443 [ACK] Seq=1 Ack=1 Win=2048 Len=0"
"439","25.617457","2607:f8b0:4006:821::200a","2600:380:8e45:68b:2105:88be:b995:2d76","TCP","86","[TCP ACKed unseen segment] 443  >  62161 [ACK] Seq=1 Ack=2 Win=171 Len=0 TSval=2300883059 TSecr=1067327732"
"440","25.762139","2600:380:8e45:68b:2105:88be:b995:2d76","2607:f8b0:4006:824::200e","TCP","74","62831  >  443 [ACK] Seq=1 Ack=1 Win=2048 Len=0"
"441","25.762413","172.20.10.7","199.232.37.140","TCP","54","58666  >  443 [ACK] Seq=1 Ack=1 Win=2048 Len=0"
"442","25.808925","172.20.10.7","35.186.224.47","TLSv1.2","101","Application Data"
"443","25.810151","199.232.37.140","172.20.10.7","TCP","66","[TCP ACKed unseen segment] 443  >  58666 [ACK] Seq=1 Ack=2 Win=171 Len=0 TSval=660645873 TSecr=1609800885"
"444","25.812759","2607:f8b0:4006:824::200e","2600:380:8e45:68b:2105:88be:b995:2d76","TCP","86","[TCP ACKed unseen segment] 443  >  62831 [ACK] Seq=1 Ack=2 Win=171 Len=0 TSval=2070949676 TSecr=2064491718"
"445","25.880315","35.186.224.47","172.20.10.7","TLSv1.2","97","Application Data"
"446","25.880640","172.20.10.7","35.186.224.47","TCP","66","60147  >  443 [ACK] Seq=36 Ack=32 Win=2047 Len=0 TSval=3745876419 TSecr=1578395698"
"447","26.370615","2600:380:8e45:68b:2105:88be:b995:2d76","2607:f8b0:4006:81d::200a","TCP","74","62900  >  443 [ACK] Seq=1 Ack=1 Win=2048 Len=0"
"448","26.371755","172.20.10.7","54.90.223.72","TLSv1.2","120","Application Data"
"449","26.376180","fe80::c09a:d0ff:febb:3364","fe80::14b8:bc02:b3fd:2220","ICMPv6","86","Neighbor Solicitation for fe80::14b8:bc02:b3fd:2220 from c2:9a:d0:bb:33:64"
"450","26.376432","fe80::14b8:bc02:b3fd:2220","fe80::c09a:d0ff:febb:3364","ICMPv6","78","Neighbor Advertisement fe80::14b8:bc02:b3fd:2220 (sol)"
"451","26.437480","2607:f8b0:4006:81d::200a","2600:380:8e45:68b:2105:88be:b995:2d76","TCP","86","[TCP ACKed unseen segment] 443  >  62900 [ACK] Seq=1 Ack=2 Win=171 Len=0 TSval=1263848456 TSecr=2530844697"
"452","26.478070","54.90.223.72","172.20.10.7","TLSv1.2","122","Application Data"
"453","26.478363","172.20.10.7","54.90.223.72","TCP","66","58468  >  443 [ACK] Seq=275 Ack=169 Win=2047 Len=0 TSval=3067490566 TSecr=1968042012"
"454","26.574133","2600:380:8e45:68b:2105:88be:b995:2d76","2607:f8b0:4006:81f::2003","TCP","74","62904  >  443 [ACK] Seq=1 Ack=1 Win=2048 Len=0"
"455","26.629211","2607:f8b0:4006:81f::2003","2600:380:8e45:68b:2105:88be:b995:2d76","TCP","86","[TCP ACKed unseen segment] 443  >  62904 [ACK] Seq=1 Ack=2 Win=171 Len=0 TSval=3878423765 TSecr=1306063523"
"456","26.877206","2600:380:8e45:68b:2105:88be:b995:2d76","2606:4700::6811:180e","TCP","74","62899  >  443 [ACK] Seq=1 Ack=1 Win=3215 Len=0"
"457","26.939465","2606:4700::6811:180e","2600:380:8e45:68b:2105:88be:b995:2d76","TCP","86","[TCP ACKed unseen segment] 443  >  62899 [ACK] Seq=1 Ack=2 Win=171 Len=0 TSval=2150155581 TSecr=1262849395"
"458","26.978345","172.20.10.7","54.192.100.162","TCP","54","62902  >  443 [ACK] Seq=1 Ack=1 Win=14536 Len=0"
"459","27.037345","54.192.100.162","172.20.10.7","TCP","66","[TCP ACKed unseen segment] 443  >  62902 [ACK] Seq=1 Ack=2 Win=171 Len=0 TSval=332692441 TSecr=2647487717"
"460","28.103760","2600:380:8e45:68b:2105:88be:b995:2d76","2607:f8b0:4006:80f::200a","TCP","74","62975  >  443 [ACK] Seq=1 Ack=1 Win=2048 Len=0"
"461","28.168535","2607:f8b0:4006:80f::200a","2600:380:8e45:68b:2105:88be:b995:2d76","TCP","86","[TCP ACKed unseen segment] 443  >  62975 [ACK] Seq=1 Ack=2 Win=171 Len=0 TSval=3114261551 TSecr=731646786"
"462","28.205154","2600:380:8e45:68b:2105:88be:b995:2d76","2607:f8b0:4006:80f::200a","TCP","74","62972  >  443 [ACK] Seq=1 Ack=1 Win=2048 Len=0"
"463","28.205440","172.20.10.7","130.211.16.53","TCP","54","62424  >  443 [ACK] Seq=1 Ack=1 Win=2048 Len=0"
"464","28.251262","130.211.16.53","172.20.10.7","TCP","66","[TCP ACKed unseen segment] 443  >  62424 [ACK] Seq=1 Ack=2 Win=171 Len=0 TSval=4017795529 TSecr=3880389911"
"465","28.255785","2607:f8b0:4006:80f::200a","2600:380:8e45:68b:2105:88be:b995:2d76","TCP","86","[TCP ACKed unseen segment] 443  >  62972 [ACK] Seq=1 Ack=2 Win=171 Len=0 TSval=3882659128 TSecr=342493241"
"466","28.306697","172.20.10.7","199.232.36.134","TCP","54","62970  >  443 [ACK] Seq=1 Ack=1 Win=2048 Len=0"
"467","28.307000","2600:380:8e45:68b:2105:88be:b995:2d76","2606:4700::6811:190e","TCP","74","60871  >  443 [ACK] Seq=1 Ack=1 Win=2048 Len=0"
"468","28.350115","2606:4700::6811:190e","2600:380:8e45:68b:2105:88be:b995:2d76","TCP","86","[TCP ACKed unseen segment] 443  >  60871 [ACK] Seq=1 Ack=2 Win=171 Len=0 TSval=289374538 TSecr=2076216951"
"469","28.352813","199.232.36.134","172.20.10.7","TCP","66","[TCP ACKed unseen segment] 443  >  62970 [ACK] Seq=1 Ack=2 Win=171 Len=0 TSval=271005621 TSecr=1037265462"
"470","28.610270","172.20.10.7","151.101.64.134","TCP","54","63041  >  443 [ACK] Seq=1 Ack=1 Win=2060 Len=0"
"471","28.610459","2600:380:8e45:68b:2105:88be:b995:2d76","2607:f8b0:4006:81c::200e","TCP","74","61964  >  443 [ACK] Seq=1 Ack=1 Win=2048 Len=0"
"472","28.686762","2607:f8b0:4006:81c::200e","2600:380:8e45:68b:2105:88be:b995:2d76","TCP","86","[TCP ACKed unseen segment] 443  >  61964 [ACK] Seq=1 Ack=2 Win=171 Len=0 TSval=3721078780 TSecr=1306782343"
"473","28.688808","151.101.64.134","172.20.10.7","TCP","66","[TCP ACKed unseen segment] 443  >  63041 [ACK] Seq=1 Ack=2 Win=171 Len=0 TSval=2378179387 TSecr=1047807564"
"474","29.637791","2600:380:8e45:68b:2105:88be:b995:2d76","2600:9000:21da:5400:6:8656:f5c0:93a1","TCP","74","63106  >  443 [ACK] Seq=1 Ack=1 Win=2048 Len=0"
"475","29.637967","2600:380:8e45:68b:2105:88be:b995:2d76","2600:9000:21da:5400:6:8656:f5c0:93a1","TCP","74","62974  >  443 [ACK] Seq=1 Ack=1 Win=4742 Len=0"
"476","29.638048","172.20.10.7","151.101.64.134","TCP","54","62973  >  443 [ACK] Seq=1 Ack=1 Win=2048 Len=0"
"477","29.689616","151.101.64.134","172.20.10.7","TCP","66","[TCP ACKed unseen segment] 443  >  62973 [ACK] Seq=1 Ack=2 Win=171 Len=0 TSval=2724731928 TSecr=3233600818"
"478","29.695879","2600:9000:21da:5400:6:8656:f5c0:93a1","2600:380:8e45:68b:2105:88be:b995:2d76","TCP","86","[TCP ACKed unseen segment] 443  >  62974 [ACK] Seq=1 Ack=2 Win=171 Len=0 TSval=3063868532 TSecr=1275073883"
"479","29.701861","2600:9000:21da:5400:6:8656:f5c0:93a1","2600:380:8e45:68b:2105:88be:b995:2d76","TCP","86","[TCP ACKed unseen segment] 443  >  63106 [ACK] Seq=1 Ack=2 Win=171 Len=0 TSval=3078700421 TSecr=2218668294"
"480","30.441891","2600:380:8e45:68b:2105:88be:b995:2d76","2606:4700::6810:a00d","TCP","74","63172  >  443 [ACK] Seq=1 Ack=1 Win=2048 Len=0"
"481","30.501929","2606:4700::6810:a00d","2600:380:8e45:68b:2105:88be:b995:2d76","TCP","86","[TCP ACKed unseen segment] 443  >  63172 [ACK] Seq=1 Ack=2 Win=171 Len=0 TSval=178187200 TSecr=453115689"
"482","30.701841","2600:380:8e45:68b:2105:88be:b995:2d76","2607:f8b0:4006:81f::2003","TCP","86","[TCP Previous segment not captured] 62160  >  443 [FIN, ACK] Seq=2 Ack=1 Win=2048 Len=0 TSval=1846647307 TSecr=3187447594"
"483","30.758755","2607:f8b0:4006:81f::2003","2600:380:8e45:68b:2105:88be:b995:2d76","TCP","86","[TCP ACKed unseen segment] 443  >  62160 [ACK] Seq=1 Ack=3 Win=171 Len=0 TSval=3187463394 TSecr=1846647307"
"484","30.760776","2607:f8b0:4006:81f::2003","2600:380:8e45:68b:2105:88be:b995:2d76","TCP","86","443  >  62160 [FIN, ACK] Seq=1 Ack=3 Win=171 Len=0 TSval=3187463395 TSecr=1846647307"
"485","30.761020","2600:380:8e45:68b:2105:88be:b995:2d76","2607:f8b0:4006:81f::2003","TCP","86","62160  >  443 [ACK] Seq=3 Ack=2 Win=2048 Len=0 TSval=1846647366 TSecr=3187463395"
"486","30.802614","172.20.10.7","199.232.36.64","TCP","54","63174  >  443 [ACK] Seq=1 Ack=1 Win=2064 Len=0"
"487","30.802841","172.20.10.7","199.232.36.64","TCP","54","63173  >  443 [ACK] Seq=1 Ack=1 Win=2048 Len=0"
"488","30.851190","199.232.36.64","172.20.10.7","TCP","66","[TCP ACKed unseen segment] 443  >  63173 [ACK] Seq=1 Ack=2 Win=171 Len=0 TSval=4014479146 TSecr=2302646211"
"489","30.861016","199.232.36.64","172.20.10.7","TCP","66","[TCP ACKed unseen segment] 443  >  63174 [ACK] Seq=1 Ack=2 Win=171 Len=0 TSval=342022468 TSecr=1818376508"
"490","31.207338","2600:380:8e45:68b:2105:88be:b995:2d76","2607:f8b0:4006:824::200e","TCP","74","63242  >  443 [ACK] Seq=1 Ack=1 Win=2048 Len=0"
"491","31.216800","2600:380:8e45:68b:2105:88be:b995:2d76","2620:149:a10:f100::8","TLSv1.3","110","Application Data"
"492","31.218069","2600:380:8e45:68b:2105:88be:b995:2d76","2620:149:a10:f100::8","TCP","86","65486  >  443 [FIN, ACK] Seq=876 Ack=5235 Win=4096 Len=0 TSval=965081457 TSecr=821057948"
"493","31.259329","2607:f8b0:4006:824::200e","2600:380:8e45:68b:2105:88be:b995:2d76","TCP","86","[TCP ACKed unseen segment] 443  >  63242 [ACK] Seq=1 Ack=2 Win=171 Len=0 TSval=117478061 TSecr=4034887129"
"494","31.268971","2620:149:a10:f100::8","2600:380:8e45:68b:2105:88be:b995:2d76","TCP","86","443  >  65486 [ACK] Seq=5235 Ack=877 Win=87552 Len=0 TSval=821088913 TSecr=965081456"
"495","31.275866","2620:149:a10:f100::8","2600:380:8e45:68b:2105:88be:b995:2d76","TCP","86","443  >  65486 [FIN, ACK] Seq=5235 Ack=877 Win=87552 Len=0 TSval=821088920 TSecr=965081456"
"496","31.276000","2600:380:8e45:68b:2105:88be:b995:2d76","2620:149:a10:f100::8","TCP","86","65486  >  443 [ACK] Seq=877 Ack=5236 Win=4096 Len=0 TSval=965081515 TSecr=821088920"
"497","31.410022","2600:380:8e45:68b:2105:88be:b995:2d76","2a03:2880:f012:8:face:b00c:0:1","TCP","74","63241  >  443 [ACK] Seq=1 Ack=1 Win=2050 Len=0"
"498","31.459333","2a03:2880:f012:8:face:b00c:0:1","2600:380:8e45:68b:2105:88be:b995:2d76","TCP","86","[TCP ACKed unseen segment] 443  >  63241 [ACK] Seq=1 Ack=2 Win=171 Len=0 TSval=3549462571 TSecr=3075910062"
"499","31.566306","2600:380:8e45:68b:2105:88be:b995:2d76","2600:1901:1:c36::","TLSv1.2","164","Application Data"
"500","31.566653","2600:380:8e45:68b:2105:88be:b995:2d76","2600:1901:1:c36::","TLSv1.2","125","Application Data"
"501","31.566770","2600:380:8e45:68b:2105:88be:b995:2d76","2600:1901:1:c36::","TLSv1.2","654","Application Data"
"502","31.624004","2600:380:8e45:68b:2105:88be:b995:2d76","2a03:2880:f012:8:face:b00c:0:1","TCP","74","63240  >  443 [ACK] Seq=1 Ack=1 Win=2048 Len=0"
"503","31.656329","2600:1901:1:c36::","2600:380:8e45:68b:2105:88be:b995:2d76","TCP","86","443  >  57349 [ACK] Seq=126 Ack=285 Win=171 Len=0 TSval=80384152 TSecr=4006675971"
"504","31.656330","2600:1901:1:c36::","2600:380:8e45:68b:2105:88be:b995:2d76","TLSv1.2","125","Application Data"
"505","31.656630","2600:380:8e45:68b:2105:88be:b995:2d76","2600:1901:1:c36::","TCP","86","57349  >  443 [ACK] Seq=853 Ack=165 Win=2047 Len=0 TSval=4006676061 TSecr=80384154"
"506","31.686075","2a03:2880:f012:8:face:b00c:0:1","2600:380:8e45:68b:2105:88be:b995:2d76","TCP","86","[TCP ACKed unseen segment] 443  >  63240 [ACK] Seq=1 Ack=2 Win=171 Len=0 TSval=362636878 TSecr=2033293618"
"507","31.751131","2600:1901:1:c36::","2600:380:8e45:68b:2105:88be:b995:2d76","TCP","86","443  >  57349 [ACK] Seq=165 Ack=853 Win=171 Len=0 TSval=80384232 TSecr=4006675971"
"508","31.913170","2600:1901:1:c36::","2600:380:8e45:68b:2105:88be:b995:2d76","TLSv1.2","172","Application Data"
"509","31.913454","2600:380:8e45:68b:2105:88be:b995:2d76","2600:1901:1:c36::","TCP","86","57349  >  443 [ACK] Seq=853 Ack=251 Win=2046 Len=0 TSval=4006676318 TSecr=80384435"
"510","31.916457","2600:380:8e45:68b:2105:88be:b995:2d76","2600:1901:1:c36::","TLSv1.2","125","Application Data"
"511","32.000187","2600:1901:1:c36::","2600:380:8e45:68b:2105:88be:b995:2d76","TCP","86","443  >  57349 [ACK] Seq=251 Ack=892 Win=171 Len=0 TSval=80384522 TSecr=4006676321"
"512","32.041470","2600:380:8e45:68b:2105:88be:b995:2d76","2a03:2880:f012:8:face:b00c:0:1","TCP","74","63244  >  443 [ACK] Seq=1 Ack=1 Win=2048 Len=0"
"513","32.091116","2a03:2880:f012:8:face:b00c:0:1","2600:380:8e45:68b:2105:88be:b995:2d76","TCP","86","[TCP ACKed unseen segment] 443  >  63244 [ACK] Seq=1 Ack=2 Win=171 Len=0 TSval=2964011781 TSecr=2288096327"
"514","32.142901","2600:380:8e45:68b:2105:88be:b995:2d76","2607:f8b0:4006:824::200e","TCP","74","63239  >  443 [ACK] Seq=1 Ack=1 Win=2048 Len=0"
"515","32.190179","2607:f8b0:4006:824::200e","2600:380:8e45:68b:2105:88be:b995:2d76","TCP","86","[TCP ACKed unseen segment] 443  >  63239 [ACK] Seq=1 Ack=2 Win=171 Len=0 TSval=3991793928 TSecr=4148857753"
"516","32.849641","2600:380:8e45:68b:2105:88be:b995:2d76","2a03:2880:f112:83:face:b00c:0:25de","TCP","74","63310  >  443 [ACK] Seq=1 Ack=1 Win=2048 Len=0"
"517","32.917564","2a03:2880:f112:83:face:b00c:0:25de","2600:380:8e45:68b:2105:88be:b995:2d76","TCP","86","[TCP ACKed unseen segment] 443  >  63310 [ACK] Seq=1 Ack=2 Win=171 Len=0 TSval=3944250760 TSecr=3385990057"
"518","32.951178","2600:380:8e45:68b:2105:88be:b995:2d76","2607:f8b0:4006:81f::2003","TCP","74","61963  >  443 [ACK] Seq=1 Ack=1 Win=11957 Len=0"
"519","32.981346","172.20.10.7","54.90.223.72","TLSv1.2","120","Application Data"
"520","33.015590","2607:f8b0:4006:81f::2003","2600:380:8e45:68b:2105:88be:b995:2d76","TCP","86","[TCP ACKed unseen segment] 443  >  61963 [ACK] Seq=1 Ack=2 Win=171 Len=0 TSval=11466510 TSecr=3183400441"
"521","33.034133","54.90.223.72","172.20.10.7","TLSv1.2","122","Application Data"
"522","33.034421","172.20.10.7","54.90.223.72","TCP","66","58265  >  443 [ACK] Seq=329 Ack=225 Win=2047 Len=0 TSval=249607100 TSecr=490432148"
"523","33.364428","172.20.10.7","54.90.223.72","TLSv1.2","120","Application Data"
"524","33.444626","54.90.223.72","172.20.10.7","TLSv1.2","122","Application Data"
"525","33.444756","172.20.10.7","54.90.223.72","TCP","66","58267  >  443 [ACK] Seq=329 Ack=225 Win=2047 Len=0 TSval=2022047316 TSecr=1392087922"
"526","33.552353","172.20.10.7","199.232.36.64","TCP","54","63375  >  443 [ACK] Seq=1 Ack=1 Win=2048 Len=0"
"527","33.552717","2600:380:8e45:68b:2105:88be:b995:2d76","2607:f8b0:4006:822::200d","TCP","74","63309  >  443 [ACK] Seq=1 Ack=1 Win=2048 Len=0"
"528","33.587900","2600:380:8e45:68b:2105:88be:b995:2d76","2600:1901:1:c36::","TLSv1.2","168","Application Data"
"529","33.588130","2600:380:8e45:68b:2105:88be:b995:2d76","2600:1901:1:c36::","TLSv1.2","250","Application Data"
"530","33.600104","2607:f8b0:4006:822::200d","2600:380:8e45:68b:2105:88be:b995:2d76","TCP","86","[TCP ACKed unseen segment] 443  >  63309 [ACK] Seq=1 Ack=2 Win=171 Len=0 TSval=3165051860 TSecr=4148176371"
"531","33.606845","199.232.36.64","172.20.10.7","TCP","66","[TCP ACKed unseen segment] 443  >  63375 [ACK] Seq=1 Ack=2 Win=171 Len=0 TSval=1963022392 TSecr=772979997"
"532","33.663073","2600:1901:1:c36::","2600:380:8e45:68b:2105:88be:b995:2d76","TCP","86","443  >  57349 [ACK] Seq=251 Ack=1138 Win=170 Len=0 TSval=80386180 TSecr=4006677992"
"533","33.692086","172.20.10.7","54.90.223.72","TLSv1.2","120","Application Data"
"534","33.711123","172.20.10.7","172.20.10.1","DNS","94","Standard query 0x763e A easylist-downloads.adblockplus.org"
"535","33.711159","172.20.10.7","172.20.10.1","DNS","94","Standard query 0x27c9 AAAA easylist-downloads.adblockplus.org"
"536","33.718484","2600:1901:1:c36::","2600:380:8e45:68b:2105:88be:b995:2d76","TLSv1.2","1326","Application Data, Application Data, Application Data"
"537","33.718563","2600:380:8e45:68b:2105:88be:b995:2d76","2600:1901:1:c36::","TCP","86","57349  >  443 [ACK] Seq=1138 Ack=1491 Win=2028 Len=0 TSval=4006678123 TSecr=80386243"
"538","33.757251","2600:1901:1:c36::","2600:380:8e45:68b:2105:88be:b995:2d76","TLSv1.2","125","Application Data"
"539","33.757252","54.90.223.72","172.20.10.7","TLSv1.2","122","Application Data"
"540","33.757348","2600:380:8e45:68b:2105:88be:b995:2d76","2600:1901:1:c36::","TCP","86","57349  >  443 [ACK] Seq=1138 Ack=1530 Win=2047 Len=0 TSval=4006678162 TSecr=80386279"
"541","33.757456","172.20.10.7","54.90.223.72","TCP","66","58333  >  443 [ACK] Seq=329 Ack=225 Win=2047 Len=0 TSval=977776918 TSecr=1364130978"
"542","33.757587","2600:380:8e45:68b:2105:88be:b995:2d76","2600:1901:1:c36::","TLSv1.2","125","Application Data"
"543","33.767556","172.20.10.1","172.20.10.7","DNS","262","Standard query response 0x27c9 AAAA easylist-downloads.adblockplus.org AAAA 2a01:4f9:4a:2a0a::3 AAAA 2001:41d0:700:53d9::3 AAAA 2001:41d0:306:532::3 AAAA 2a01:4f8:13b:2d13::3 AAAA 2001:41d0:306:a9d::3 AAAA 2001:41d0:700:4835::3"
"544","33.788363","172.20.10.1","172.20.10.7","DNS","190","Standard query response 0x763e A easylist-downloads.adblockplus.org A 94.130.143.51 A 54.38.153.152 A 94.23.160.40 A 135.181.164.139 A 198.244.173.119 A 51.89.214.198"
"545","33.789105","2600:380:8e45:68b:2105:88be:b995:2d76","2001:41d0:700:53d9::3","TCP","98","49916  >  443 [SYN, ECN, CWR] Seq=0 Win=65535 Len=0 MSS=1370 WS=64 TSval=1781968465 TSecr=0 SACK_PERM=1"
"546","33.839628","2001:41d0:700:53d9::3","2600:380:8e45:68b:2105:88be:b995:2d76","TCP","94","443  >  49916 [SYN, ACK, ECN] Seq=0 Ack=1 Win=65535 Len=0 MSS=1370 WS=512 SACK_PERM=1 TSval=3001079136 TSecr=1781968465"
"547","33.839778","2600:380:8e45:68b:2105:88be:b995:2d76","2001:41d0:700:53d9::3","TCP","86","49916  >  443 [ACK] Seq=1 Ack=1 Win=131712 Len=0 TSval=1781968515 TSecr=3001079136"
"548","33.839887","2600:380:8e45:68b:2105:88be:b995:2d76","2001:41d0:700:53d9::3","TLSv1","603","Client Hello"
